Winner,Constituency,Con,Lab,SNP,DUP,LD,Others,Ukip,Green,Ind,PC,SDLP,SF,UUP,alliance,Voted
Con,Yorkshire East,31456.348,16456.58,0.0,0.0,0.0,4046.7,1996.372,0.0,0.0,0.0,0.0,0.0,0.0,0.0,53956.0
Con,Gosport,30628.739,13409.351,0.0,0.0,0.0,3661.594,1781.316,0.0,0.0,0.0,0.0,0.0,0.0,0.0,49481.0
Con,Gordon,21849.795,6334.83,19272.915,0.0,6227.46,0.0,0.0,0.0,0.0,0.0,0.0,0.0,0.0,0.0,53685.0
Con,Gloucester,27197.713,21682.471,0.0,0.0,0.0,3676.828,1513.988,0.0,0.0,0.0,0.0,0.0,0.0,0.0,54071.0
Con,Somerset North,33600.748,16490.404,0.0,0.0,6013.418,5889.43,0.0,0.0,0.0,0.0,0.0,0.0,0.0,0.0,61994.0
Con,Somerset North East,28967.048,18752.921,0.0,0.0,4485.569,1837.462,0.0,0.0,0.0,0.0,0.0,0.0,0.0,0.0,54043.0
Con,Somerton & Frome,36247.44,11001.416,0.0,0.0,13290.728,1017.472,0.0,2034.944,0.0,0.0,0.0,0.0,0.0,0.0,63592.0
Con,South Holland & The Deepings,35170.185,10264.26,0.0,0.0,0.0,2717.01,2163.545,0.0,0.0,0.0,0.0,0.0,0.0,0.0,50315.0
Con,South Ribble,29007.186,21549.762,0.0,0.0,0.0,2906.202,1370.85,0.0,0.0,0.0,0.0,0.0,0.0,0.0,54834.0
Con,Southampton Itchen,21754.095,21754.095,0.0,0.0,0.0,2152.018,1122.792,0.0,0.0,0.0,0.0,0.0,0.0,0.0,46783.0
Con,Gillingham & Rainham,27072.872,17641.348,0.0,0.0,0.0,2052.456,2101.324,0.0,0.0,0.0,0.0,0.0,0.0,0.0,48868.0
Con,Southend West,26049.432,16044.94,0.0,0.0,2123.595,1321.348,1651.685,0.0,0.0,0.0,0.0,0.0,0.0,0.0,47191.0
Con,Southport,18558.972,15633.656,0.0,0.0,12660.384,0.0,1150.944,0.0,0.0,0.0,0.0,0.0,0.0,0.0,47956.0
Con,Spelthorne,28715.895,15285.075,0.0,0.0,0.0,3808.74,2305.29,0.0,0.0,0.0,0.0,0.0,0.0,0.0,50115.0
Con,Gainsborough,31780.65,14758.975,0.0,0.0,3651.175,1234.2,0.0,0.0,0.0,0.0,0.0,0.0,0.0,0.0,51425.0
Con,Fylde,27322.596,15519.978,0.0,0.0,0.0,3624.426,0.0,0.0,0.0,0.0,0.0,0.0,0.0,0.0,46467.0
Con,St Albans,24566.138,13166.538,0.0,0.0,18467.352,797.972,0.0,0.0,0.0,0.0,0.0,0.0,0.0,0.0,56998.0
Con,Forest of Dean,28109.481,18584.353,0.0,0.0,0.0,3830.758,1242.408,0.0,0.0,0.0,0.0,0.0,0.0,0.0,51767.0
Con,Folkestone & Hythe,32204.625,16779.375,0.0,0.0,4239.0,3061.5,2590.5,0.0,0.0,0.0,0.0,0.0,0.0,0.0,58875.0
Con,Finchley & Golders Green,24620.95,22944.63,0.0,0.0,0.0,4819.42,0.0,0.0,0.0,0.0,0.0,0.0,0.0,0.0,52385.0
Con,Solihull,32970.588,12427.812,0.0,0.0,8909.436,1134.96,1305.204,0.0,0.0,0.0,0.0,0.0,0.0,0.0,56748.0
Con,Filton & Bradley Stoke,25347.0,21139.398,0.0,0.0,3041.64,1165.962,0.0,0.0,0.0,0.0,0.0,0.0,0.0,0.0,50694.0
Con,Grantham & Stamford,35087.66,14997.145,0.0,0.0,0.0,4753.812,1754.383,0.0,0.0,0.0,0.0,0.0,0.0,0.0,56593.0
Con,Great Yarmouth,23882.986,15936.706,0.0,0.0,0.0,1545.11,2781.198,0.0,0.0,0.0,0.0,0.0,0.0,0.0,44146.0
Con,Hastings & Rye,25685.254,25301.892,0.0,0.0,0.0,2300.172,1478.682,0.0,0.0,0.0,0.0,0.0,0.0,0.0,54766.0
Con,Harwich & Essex North,29917.485,15546.864,0.0,0.0,2812.755,1176.243,1687.653,0.0,0.0,0.0,0.0,0.0,0.0,0.0,51141.0
Con,Harrow East,25117.43,23388.7,0.0,0.0,0.0,2338.87,0.0,0.0,0.0,0.0,0.0,0.0,0.0,0.0,50845.0
Con,Harrogate & Knaresborough,31490.7,11404.74,0.0,0.0,13333.9,510.66,0.0,0.0,0.0,0.0,0.0,0.0,0.0,0.0,56740.0
Con,Harlow,24216.84,17220.864,0.0,0.0,0.0,1614.456,1793.84,0.0,0.0,0.0,0.0,0.0,0.0,0.0,44846.0
Con,Harborough,30123.754,17682.586,0.0,0.0,7314.946,1094.362,1382.352,0.0,0.0,0.0,0.0,0.0,0.0,0.0,57598.0
Con,Sherwood,27482.46,22306.152,0.0,0.0,0.0,1761.012,1814.376,0.0,0.0,0.0,0.0,0.0,0.0,0.0,53364.0
Con,Hampshire North West,36497.412,13811.42,0.0,0.0,5700.884,1292.984,1469.3,0.0,0.0,0.0,0.0,0.0,0.0,0.0,58772.0
Con,Hampshire North East,37745.685,9969.471,0.0,0.0,6972.867,1901.691,1037.286,0.0,0.0,0.0,0.0,0.0,0.0,0.0,57627.0
Con,Hampshire East,35239.488,9419.36,0.0,0.0,8422.016,2327.136,0.0,0.0,0.0,0.0,0.0,0.0,0.0,0.0,55408.0
Con,Shipley,27445.03,22746.27,0.0,0.0,0.0,3203.7,0.0,0.0,0.0,0.0,0.0,0.0,0.0,0.0,53395.0
Con,Shrewsbury & Atcham,29101.5,22466.358,0.0,0.0,4248.819,1047.654,1338.669,0.0,0.0,0.0,0.0,0.0,0.0,0.0,58203.0
Con,Haltemprice & Howden,31378.4,15946.4,0.0,0.0,0.0,4115.2,0.0,0.0,0.0,0.0,0.0,0.0,0.0,0.0,51440.0
Con,Shropshire North,33637.395,17291.289,0.0,0.0,0.0,4670.316,0.0,0.0,0.0,0.0,0.0,0.0,0.0,0.0,55599.0
Con,Halesowen & Rowley Regis,23032.701,17751.6,0.0,0.0,0.0,1464.507,2130.192,0.0,0.0,0.0,0.0,0.0,0.0,0.0,44379.0
Con,Sittingbourne & Sheppey,30884.789,15725.034,0.0,0.0,0.0,4779.177,0.0,0.0,0.0,0.0,0.0,0.0,0.0,0.0,51389.0
Con,Skipton & Ripon,36394.388,16453.054,0.0,0.0,0.0,5290.558,0.0,0.0,0.0,0.0,0.0,0.0,0.0,0.0,58138.0
Con,Guildford,30307.914,10546.71,0.0,0.0,13266.651,1387.725,0.0,0.0,0.0,0.0,0.0,0.0,0.0,0.0,55509.0
Con,Sleaford & North Hykeham,42241.674,17041.423,0.0,0.0,0.0,4539.993,1973.91,0.0,0.0,0.0,0.0,0.0,0.0,0.0,65797.0
Con,Gravesham,27242.332,17883.905,0.0,0.0,0.0,2106.871,1763.892,0.0,0.0,0.0,0.0,0.0,0.0,0.0,48997.0
Con,Havant,27695.772,11717.442,0.0,0.0,0.0,4909.284,1991.502,0.0,0.0,0.0,0.0,0.0,0.0,0.0,46314.0
Con,St Austell & Newquay,26834.94,15721.48,0.0,0.0,11655.58,0.0,0.0,0.0,0.0,0.0,0.0,0.0,0.0,0.0,54212.0
Con,Fareham,35918.82,14367.528,0.0,0.0,3876.952,1311.322,1539.378,0.0,0.0,0.0,0.0,0.0,0.0,0.0,57014.0
Con,"Dumfriesshire, Clydesdale & Tweeddale",24188.216,8128.024,14738.164,0.0,0.0,1909.596,0.0,0.0,0.0,0.0,0.0,0.0,0.0,0.0,48964.0
Con,Dumfries & Galloway,22342.367,10784.191,16718.076,0.0,0.0,1754.366,0.0,0.0,0.0,0.0,0.0,0.0,0.0,0.0,51599.0
Con,Surrey South West,33660.624,7614.432,0.0,0.0,5982.768,0.0,1087.776,0.0,12086.4,0.0,0.0,0.0,0.0,0.0,60432.0
Con,Dudley South,21607.86,13844.328,0.0,0.0,0.0,994.344,1797.468,0.0,0.0,0.0,0.0,0.0,0.0,0.0,38244.0
Con,Sussex Mid,35068.608,15408.0,0.0,0.0,7888.896,2033.856,1232.64,0.0,0.0,0.0,0.0,0.0,0.0,0.0,61632.0
Con,Sutton & Cheam,26556.67,10653.85,0.0,0.0,13875.99,883.49,0.0,0.0,0.0,0.0,0.0,0.0,0.0,0.0,51970.0
Con,Dover,27230.184,20786.4,0.0,0.0,0.0,2234.538,1714.878,0.0,0.0,0.0,0.0,0.0,0.0,0.0,51966.0
Con,Dorset West,33076.89,10906.434,0.0,0.0,14005.53,1609.146,0.0,0.0,0.0,0.0,0.0,0.0,0.0,0.0,59598.0
Con,Dorset South,29119.266,17440.416,0.0,0.0,0.0,5346.318,0.0,0.0,0.0,0.0,0.0,0.0,0.0,0.0,51906.0
Con,Dorset North,36164.876,10364.664,0.0,0.0,7578.464,1615.996,0.0,0.0,0.0,0.0,0.0,0.0,0.0,0.0,55724.0
Con,Dorset Mid & Poole North,28566.368,6417.782,0.0,0.0,13221.596,48.254,0.0,0.0,0.0,0.0,0.0,0.0,0.0,0.0,48254.0
Con,Sutton Coldfield,32243.38,16861.702,0.0,0.0,0.0,3752.918,0.0,0.0,0.0,0.0,0.0,0.0,0.0,0.0,52858.0
Con,Swindon North,29432.296,21085.824,0.0,0.0,0.0,2800.461,1592.419,0.0,0.0,0.0,0.0,0.0,0.0,0.0,54911.0
Con,Devon West & Torridge,33606.2,12907.16,0.0,0.0,10527.96,2438.68,0.0,0.0,0.0,0.0,0.0,0.0,0.0,0.0,59480.0
Con,Devon South West,31661.343,15804.243,0.0,0.0,2748.564,1109.997,1532.853,0.0,0.0,0.0,0.0,0.0,0.0,0.0,52857.0
Con,Devon North,25512.89,7074.535,0.0,0.0,21167.9,779.87,1169.805,0.0,0.0,0.0,0.0,0.0,0.0,0.0,55705.0
Con,Devon East,29285.27,6883.548,0.0,0.0,0.0,1751.078,1207.64,0.0,0.0,0.0,0.0,0.0,0.0,0.0,60382.0
Con,Devon Central,31293.604,15617.88,0.0,0.0,462.752,7635.408,1330.412,1503.944,0.0,0.0,0.0,0.0,0.0,0.0,57844.0
Con,Devizes,31721.811,10624.53,0.0,0.0,4705.149,1821.348,1720.162,0.0,0.0,0.0,0.0,0.0,0.0,0.0,50593.0
Con,Surrey Heath,37121.724,12200.442,0.0,0.0,6244.776,2255.058,0.0,0.0,0.0,0.0,0.0,0.0,0.0,0.0,57822.0
Con,Faversham & Kent Mid,30396.639,12984.489,0.0,0.0,0.0,4676.406,1691.466,0.0,0.0,0.0,0.0,0.0,0.0,0.0,49749.0
Con,Surrey East,35284.988,11426.179,0.0,0.0,6216.315,4025.804,2249.714,0.0,0.0,0.0,0.0,0.0,0.0,0.0,59203.0
Con,Northampton South,19244.946,18054.96,0.0,0.0,0.0,2092.734,1641.36,0.0,0.0,0.0,0.0,0.0,0.0,0.0,41034.0
Con,St Ives,22129.632,7325.318,0.0,0.0,21822.276,0.0,0.0,0.0,0.0,0.0,0.0,0.0,0.0,0.0,51226.0
Con,Stafford,28402.428,20717.676,0.0,0.0,0.0,2803.896,0.0,0.0,0.0,0.0,0.0,0.0,0.0,0.0,51924.0
Con,Esher & Walton,35067.412,11788.874,0.0,0.0,10352.666,1615.734,1017.314,0.0,0.0,0.0,0.0,0.0,0.0,0.0,59842.0
Con,Staffordshire Moorlands,25944.555,15138.045,0.0,0.0,0.0,3572.4,0.0,0.0,0.0,0.0,0.0,0.0,0.0,0.0,44655.0
Con,Erewash,25935.901,21405.83,0.0,0.0,0.0,2439.269,0.0,0.0,0.0,0.0,0.0,0.0,0.0,0.0,49781.0
Con,Epsom & Ewell,35322.536,14816.5,0.0,0.0,7408.25,1718.714,0.0,0.0,0.0,0.0,0.0,0.0,0.0,0.0,59266.0
Con,Epping Forest,31482.98,13202.54,0.0,0.0,0.0,4214.657,1878.823,0.0,0.0,0.0,0.0,0.0,0.0,0.0,50779.0
Con,Staffordshire South,35674.082,12930.577,0.0,0.0,0.0,2504.341,0.0,0.0,0.0,0.0,0.0,0.0,0.0,0.0,51109.0
Con,Stevenage,24812.487,21408.786,0.0,0.0,0.0,3107.727,0.0,0.0,0.0,0.0,0.0,0.0,0.0,0.0,49329.0
Con,Elmet & Rothwell,32331.306,22566.418,0.0,0.0,0.0,4644.276,0.0,0.0,0.0,0.0,0.0,0.0,0.0,0.0,59542.0
Con,Stirling,18311.076,10907.676,18163.008,0.0,0.0,1974.24,0.0,0.0,0.0,0.0,0.0,0.0,0.0,0.0,49356.0
Con,Eddisbury,29200.511,17243.184,0.0,0.0,2822.545,923.742,1129.018,0.0,0.0,0.0,0.0,0.0,0.0,0.0,51319.0
Con,Eastleigh,28869.12,11456.0,0.0,0.0,14720.96,744.64,1489.28,0.0,0.0,0.0,0.0,0.0,0.0,0.0,57280.0
Con,Stoke-on-Trent South,20428.1,19802.75,0.0,0.0,0.0,1459.15,0.0,0.0,0.0,0.0,0.0,0.0,0.0,0.0,41690.0
Con,Stone,31620.224,14109.024,0.0,0.0,0.0,2951.888,1350.864,0.0,0.0,0.0,0.0,0.0,0.0,0.0,50032.0
Con,Stourbridge,25688.575,18052.705,0.0,0.0,0.0,1602.59,1791.13,0.0,0.0,0.0,0.0,0.0,0.0,0.0,47135.0
Con,Stratford-on-Avon,32674.904,11714.636,0.0,0.0,6356.372,1786.088,0.0,0.0,0.0,0.0,0.0,0.0,0.0,0.0,52532.0
Con,Suffolk Central & Ipswich North,33970.924,16787.628,0.0,0.0,0.0,4126.252,1639.196,0.0,0.0,0.0,0.0,0.0,0.0,0.0,56524.0
Con,Suffolk Coastal,33682.92,17712.57,0.0,0.0,4065.18,2613.33,0.0,0.0,0.0,0.0,0.0,0.0,0.0,0.0,58074.0
Con,Suffolk West,31668.552,14592.372,0.0,0.0,0.0,3104.76,2380.316,0.0,0.0,0.0,0.0,0.0,0.0,0.0,51746.0
Con,Derbyshire South,30894.397,18947.16,0.0,0.0,0.0,2789.443,0.0,0.0,0.0,0.0,0.0,0.0,0.0,0.0,52631.0
Con,Hazel Grove,20035.928,9047.06,0.0,0.0,14519.428,529.584,0.0,0.0,0.0,0.0,0.0,0.0,0.0,0.0,44132.0
Con,Hendon,25063.2,24018.9,0.0,0.0,0.0,3132.9,0.0,0.0,0.0,0.0,0.0,0.0,0.0,0.0,52215.0
Con,Orpington,31739.969,12312.484,0.0,0.0,0.0,4390.107,2018.44,0.0,0.0,0.0,0.0,0.0,0.0,0.0,50461.0
Con,Meriden,33878.66,14698.967,0.0,0.0,0.0,4043.582,2021.791,0.0,0.0,0.0,0.0,0.0,0.0,0.0,54643.0
Con,Meon Valley,35604.144,9917.136,0.0,0.0,5906.928,1354.8,1408.992,0.0,0.0,0.0,0.0,0.0,0.0,0.0,54192.0
Con,Mansfield,23373.162,22319.865,0.0,0.0,0.0,1805.652,2658.321,0.0,0.0,0.0,0.0,0.0,0.0,0.0,50157.0
Con,Pendle,21978.46,20722.548,0.0,0.0,0.0,2152.992,0.0,0.0,0.0,0.0,0.0,0.0,0.0,0.0,44854.0
Con,Maldon,34137.36,10693.026,0.0,0.0,0.0,3463.938,1907.676,0.0,0.0,0.0,0.0,0.0,0.0,0.0,50202.0
Con,Maidstone & The Weald,29156.544,11424.816,0.0,0.0,8478.144,1033.92,1602.576,0.0,0.0,0.0,0.0,0.0,0.0,0.0,51696.0
Con,Maidenhead,37738.872,11240.127,0.0,0.0,6522.768,1863.648,873.585,0.0,0.0,0.0,0.0,0.0,0.0,0.0,58239.0
Con,Macclesfield,28565.482,19984.976,0.0,0.0,3367.034,2389.508,0.0,0.0,0.0,0.0,0.0,0.0,0.0,0.0,54307.0
Con,Penrith & The Border,28067.88,12175.14,0.0,0.0,3624.66,1440.57,1161.75,0.0,0.0,0.0,0.0,0.0,0.0,0.0,46470.0
Con,Perth & Perthshire North,21795.075,5358.6,21795.075,0.0,0.0,2576.25,0.0,0.0,0.0,0.0,0.0,0.0,0.0,0.0,51525.0
Con,Ludlow,31431.13,12142.71,0.0,0.0,5346.79,1049.37,0.0,0.0,0.0,0.0,0.0,0.0,0.0,0.0,49970.0
Con,Louth & Horncastle,33720.669,14089.857,0.0,0.0,0.0,2480.237,2480.237,0.0,0.0,0.0,0.0,0.0,0.0,0.0,52771.0
Con,Loughborough,27019.852,22742.16,0.0,0.0,0.0,2923.992,1461.996,0.0,0.0,0.0,0.0,0.0,0.0,0.0,54148.0
Con,Plymouth Moor View,23571.423,18530.136,0.0,0.0,0.0,1453.344,1862.097,0.0,0.0,0.0,0.0,0.0,0.0,0.0,45417.0
Con,Poole,28913.0,14655.9,0.0,0.0,4436.65,1844.45,0.0,0.0,0.0,0.0,0.0,0.0,0.0,0.0,49850.0
Con,Portsmouth North,25871.08,15909.77,0.0,0.0,0.0,3493.54,1935.61,0.0,0.0,0.0,0.0,0.0,0.0,0.0,47210.0
Con,Lichfield,34041.264,15414.912,0.0,0.0,0.0,4067.824,0.0,0.0,0.0,0.0,0.0,0.0,0.0,0.0,53524.0
Con,Preseli Pembrokeshire,18313.498,17975.922,0.0,0.0,0.0,5063.64,843.94,0.0,0.0,0.0,0.0,0.0,0.0,0.0,42197.0
Con,Middlesbrough South & Cleveland East,23619.52,22619.5,0.0,0.0,0.0,1380.98,0.0,0.0,0.0,0.0,0.0,0.0,0.0,0.0,47620.0
Con,Pudsey,25576.566,25198.853,0.0,0.0,0.0,3183.581,0.0,0.0,0.0,0.0,0.0,0.0,0.0,0.0,53959.0
Con,Milton Keynes North,30335.4,28419.48,0.0,0.0,0.0,3704.112,1405.008,0.0,0.0,0.0,0.0,0.0,0.0,0.0,63864.0
Con,Mole Valley,35113.394,7884.914,0.0,0.0,10948.118,1418.15,1361.424,0.0,0.0,0.0,0.0,0.0,0.0,0.0,56726.0
Con,Norfolk South West,32917.248,14571.648,0.0,0.0,0.0,2358.72,2568.384,0.0,0.0,0.0,0.0,0.0,0.0,0.0,52416.0
Con,Norfolk South,35566.602,18883.299,0.0,0.0,5072.213,1588.886,0.0,0.0,0.0,0.0,0.0,0.0,0.0,0.0,61111.0
Con,Norfolk North West,29433.033,15619.52,0.0,0.0,0.0,2245.306,1513.141,0.0,0.0,0.0,0.0,0.0,0.0,0.0,48811.0
Con,Norfolk Mid,32844.12,16756.068,0.0,0.0,0.0,3952.428,2115.384,0.0,0.0,0.0,0.0,0.0,0.0,0.0,55668.0
Con,Newton Abbot,28658.535,11463.414,0.0,0.0,10585.585,929.466,0.0,0.0,0.0,0.0,0.0,0.0,0.0,0.0,51637.0
Con,Northamptonshire South,40623.75,17744.454,0.0,0.0,0.0,5264.838,1364.958,0.0,0.0,0.0,0.0,0.0,0.0,0.0,64998.0
Con,Norwich North,21891.915,21387.07,0.0,0.0,0.0,2616.015,0.0,0.0,0.0,0.0,0.0,0.0,0.0,0.0,45895.0
Con,Nuneaton,23770.572,19025.671,0.0,0.0,0.0,1658.412,1612.345,0.0,0.0,0.0,0.0,0.0,0.0,0.0,46067.0
Con,Newbury,37422.135,8579.709,0.0,0.0,13021.686,1825.47,0.0,0.0,0.0,0.0,0.0,0.0,0.0,0.0,60849.0
Con,Newark,34511.334,16347.474,0.0,0.0,0.0,2752.1,1431.092,0.0,0.0,0.0,0.0,0.0,0.0,0.0,55042.0
Con,New Forest West,33150.836,9726.892,0.0,0.0,4764.192,1985.08,0.0,0.0,0.0,0.0,0.0,0.0,0.0,0.0,49627.0
Con,New Forest East,32155.116,10170.468,0.0,0.0,7807.632,1232.784,0.0,0.0,0.0,0.0,0.0,0.0,0.0,0.0,51366.0
Con,Ochil & Perthshire South,22479.72,10833.6,19121.304,0.0,0.0,1733.376,0.0,0.0,0.0,0.0,0.0,0.0,0.0,0.0,54168.0
Con,Old Bexley & Sidcup,29545.83,14076.306,0.0,0.0,0.0,2786.436,1633.428,0.0,0.0,0.0,0.0,0.0,0.0,0.0,48042.0
Con,Morley & Outwood,26544.999,24450.719,0.0,0.0,0.0,1361.282,0.0,0.0,0.0,0.0,0.0,0.0,0.0,0.0,52357.0
Con,Morecambe & Lunesdale,21778.389,20363.022,0.0,0.0,0.0,2191.536,1324.053,0.0,0.0,0.0,0.0,0.0,0.0,0.0,45657.0
Con,Moray,22612.375,5188.945,18470.74,0.0,0.0,1332.94,0.0,0.0,0.0,0.0,0.0,0.0,0.0,0.0,47605.0
Con,Montgomeryshire,18073.538,5547.669,0.0,0.0,8792.532,2477.261,0.0,0.0,0.0,0.0,0.0,0.0,0.0,0.0,34891.0
Con,Monmouth,26408.754,18202.644,0.0,0.0,0.0,4376.592,746.01,0.0,0.0,0.0,0.0,0.0,0.0,0.0,49734.0
Con,Milton Keynes South,30630.85,28954.214,0.0,0.0,0.0,3095.328,1805.608,0.0,0.0,0.0,0.0,0.0,0.0,0.0,64486.0
Con,Hemel Hempstead,28755.1,19292.058,0.0,0.0,0.0,4234.842,0.0,0.0,0.0,0.0,0.0,0.0,0.0,0.0,52282.0
Con,Putney,20680.254,19132.752,0.0,0.0,5439.704,1641.29,0.0,0.0,0.0,0.0,0.0,0.0,0.0,0.0,46894.0
Con,Rayleigh & Wickford,36900.441,13443.489,0.0,0.0,0.0,2655.504,2323.566,0.0,0.0,0.0,0.0,0.0,0.0,0.0,55323.0
Con,Rutland & Melton,36153.332,13068.163,0.0,0.0,4720.658,1727.07,1899.777,0.0,0.0,0.0,0.0,0.0,0.0,0.0,57569.0
Con,Saffron Walden,37642.998,12669.488,0.0,0.0,8527.54,0.0,2070.974,0.0,0.0,0.0,0.0,0.0,0.0,0.0,60911.0
Con,Huntingdon,32905.72,18453.48,0.0,0.0,5076.2,1134.68,2149.92,0.0,0.0,0.0,0.0,0.0,0.0,0.0,59720.0
Con,York Outer,29345.197,21075.709,0.0,0.0,5914.981,1091.113,0.0,0.0,0.0,0.0,0.0,0.0,0.0,0.0,57427.0
Con,Salisbury,30973.691,13647.616,0.0,0.0,5970.832,1546.019,1172.842,0.0,0.0,0.0,0.0,0.0,0.0,0.0,53311.0
Con,Scarborough & Whitby,24417.316,20986.784,0.0,0.0,0.0,3380.083,1664.817,0.0,0.0,0.0,0.0,0.0,0.0,0.0,50449.0
Con,Horsham,36882.265,13389.192,0.0,0.0,7624.401,2541.467,1549.675,0.0,0.0,0.0,0.0,0.0,0.0,0.0,61987.0
Con,Hornchurch & Upminster,33720.307,16046.602,0.0,0.0,0.0,2861.457,3478.634,0.0,0.0,0.0,0.0,0.0,0.0,0.0,56107.0
Con,Selby & Ainsty,32916.612,19121.916,0.0,0.0,0.0,2355.192,1682.28,0.0,0.0,0.0,0.0,0.0,0.0,0.0,56076.0
Con,Hitchin & Harpenden,31213.773,19163.258,0.0,0.0,6230.998,2174.971,0.0,0.0,0.0,0.0,0.0,0.0,0.0,0.0,58783.0
Con,Sevenoaks,32625.866,10704.562,0.0,0.0,4302.312,1690.194,1895.066,0.0,0.0,0.0,0.0,0.0,0.0,0.0,51218.0
Con,Hexham,25007.184,15762.384,0.0,0.0,3281.904,1248.048,924.48,0.0,0.0,0.0,0.0,0.0,0.0,0.0,46224.0
Con,Hertsmere,31926.583,14996.611,0.0,0.0,0.0,3762.216,1567.59,0.0,0.0,0.0,0.0,0.0,0.0,0.0,52253.0
Con,Hertfordshire South West,35118.087,15587.821,0.0,0.0,7096.401,1576.978,1273.713,0.0,0.0,0.0,0.0,0.0,0.0,0.0,60653.0
Con,Hertfordshire North East,32569.88,15729.14,0.0,0.0,4279.66,3001.32,0.0,0.0,0.0,0.0,0.0,0.0,0.0,0.0,55580.0
Con,Hertford & Stortford,36175.176,17157.712,0.0,0.0,4859.352,1799.76,0.0,0.0,0.0,0.0,0.0,0.0,0.0,0.0,59992.0
Con,Herefordshire North,31109.74,9483.453,0.0,0.0,5870.709,3713.098,0.0,0.0,0.0,0.0,0.0,0.0,0.0,0.0,50177.0
Con,Hereford & Herefordshire South,27008.94,12015.192,0.0,0.0,3533.88,0.0,1161.132,1211.616,5553.24,0.0,0.0,0.0,0.0,0.0,50484.0
Con,Henley,33745.509,11476.899,0.0,0.0,8507.751,2226.861,1141.98,0.0,0.0,0.0,0.0,0.0,0.0,0.0,57099.0
Con,Rushcliffe,30205.098,22216.491,0.0,0.0,0.0,4373.325,1516.086,0.0,0.0,0.0,0.0,0.0,0.0,0.0,58311.0
Con,Lewes,26825.04,6069.504,0.0,0.0,21297.456,0.0,0.0,0.0,0.0,0.0,0.0,0.0,0.0,0.0,54192.0
Con,Runnymede & Weybridge,31429.881,13366.731,0.0,0.0,3767.457,1341.834,1703.097,0.0,0.0,0.0,0.0,0.0,0.0,0.0,51609.0
Con,Isle of Wight,38207.727,17130.17,0.0,0.0,2755.723,1564.059,1936.454,12884.867,0.0,0.0,0.0,0.0,0.0,0.0,74479.0
Con,Leicestershire South,34807.046,16156.365,0.0,0.0,2380.938,1133.78,2210.871,0.0,0.0,0.0,0.0,0.0,0.0,0.0,56689.0
Con,Leicestershire North West,31160.862,17882.694,0.0,0.0,0.0,4497.444,0.0,0.0,0.0,0.0,0.0,0.0,0.0,0.0,53541.0
Con,Reading West,25313.574,22414.678,0.0,0.0,0.0,4037.748,0.0,0.0,0.0,0.0,0.0,0.0,0.0,0.0,51766.0
Con,Redditch,23641.169,16273.08,0.0,0.0,0.0,3932.661,1356.09,0.0,0.0,0.0,0.0,0.0,0.0,0.0,45203.0
Con,Reigate,30894.402,13294.281,0.0,0.0,5866.707,2206.743,1560.867,0.0,0.0,0.0,0.0,0.0,0.0,0.0,53823.0
Con,Renfrewshire East,21495.2,14348.046,16766.256,0.0,0.0,1128.498,0.0,0.0,0.0,0.0,0.0,0.0,0.0,0.0,53738.0
Con,Ribble Valley,31905.6,18712.8,0.0,0.0,0.0,4581.6,0.0,0.0,0.0,0.0,0.0,0.0,0.0,0.0,55200.0
Con,Richmond (Yorks),36488.32,13341.042,0.0,0.0,0.0,7183.638,0.0,0.0,0.0,0.0,0.0,0.0,0.0,0.0,57013.0
Con,Richmond Park,28561.83,5763.03,0.0,0.0,28561.83,443.31,0.0,0.0,0.0,0.0,0.0,0.0,0.0,0.0,63330.0
Con,Rochester & Strood,29250.336,19356.84,0.0,0.0,0.0,2258.298,2903.526,0.0,0.0,0.0,0.0,0.0,0.0,0.0,53769.0
Con,Rochford & Southend East,23009.776,17481.76,0.0,0.0,0.0,4961.04,1795.424,0.0,0.0,0.0,0.0,0.0,0.0,0.0,47248.0
Con,Kingswood,26758.809,19252.695,0.0,0.0,0.0,2729.496,0.0,0.0,0.0,0.0,0.0,0.0,0.0,0.0,48741.0
Con,Romford,29666.736,15882.192,0.0,0.0,0.0,2047.704,2347.368,0.0,0.0,0.0,0.0,0.0,0.0,0.0,49944.0
Con,Kettering,28604.916,18032.46,0.0,0.0,0.0,2766.624,0.0,0.0,0.0,0.0,0.0,0.0,0.0,0.0,49404.0
Con,Kensington,16321.694,16321.694,0.0,0.0,4718.594,1315.018,0.0,0.0,0.0,0.0,0.0,0.0,0.0,0.0,38677.0
Con,Kenilworth & Southam,31197.088,13135.616,0.0,0.0,4925.856,1128.842,923.598,0.0,0.0,0.0,0.0,0.0,0.0,0.0,51311.0
Con,Romsey & Southampton North,28645.928,9632.256,0.0,0.0,10685.784,1204.032,0.0,0.0,0.0,0.0,0.0,0.0,0.0,0.0,50168.0
Con,Rossendale & Darwen,25479.248,22269.264,0.0,0.0,0.0,2407.488,0.0,0.0,0.0,0.0,0.0,0.0,0.0,0.0,50156.0
Con,Rugby,27875.448,19661.688,0.0,0.0,0.0,3798.864,0.0,0.0,0.0,0.0,0.0,0.0,0.0,0.0,51336.0
Con,"Ruislip, Northwood & Pinner",30534.504,16601.802,0.0,0.0,3790.122,1281.168,1174.404,0.0,0.0,0.0,0.0,0.0,0.0,0.0,53382.0
Con,Derbyshire North East,24787.452,21915.735,0.0,0.0,0.0,2116.002,1561.811,0.0,0.0,0.0,0.0,0.0,0.0,0.0,50381.0
Con,Suffolk South,32812.175,15077.33,0.0,0.0,3145.63,1735.52,1464.345,0.0,0.0,0.0,0.0,0.0,0.0,0.0,54235.0
Con,Derbyshire Dales,29742.6,15416.581,0.0,0.0,3122.973,1288.846,0.0,0.0,0.0,0.0,0.0,0.0,0.0,0.0,49571.0
Con,Bracknell,32864.496,16879.384,0.0,0.0,4191.9,447.136,1509.084,0.0,0.0,0.0,0.0,0.0,0.0,0.0,55892.0
Con,Bournemouth West,23811.245,16111.534,0.0,0.0,2937.462,400.563,0.0,1246.196,0.0,0.0,0.0,0.0,0.0,0.0,44507.0
Con,Bournemouth East,25232.742,17259.39,0.0,0.0,3160.17,340.326,1409.922,1215.45,0.0,0.0,0.0,0.0,0.0,0.0,48618.0
Con,Bosworth,31847.256,13536.488,0.0,0.0,9773.232,1011.024,0.0,0.0,0.0,0.0,0.0,0.0,0.0,0.0,56168.0
Con,Boston & Skegness,27271.044,10676.871,0.0,0.0,0.0,1629.402,3301.683,0.0,0.0,0.0,0.0,0.0,0.0,0.0,42879.0
Con,Wellingborough,30559.76,18101.6,0.0,0.0,0.0,2768.48,1810.16,0.0,0.0,0.0,0.0,0.0,0.0,0.0,53240.0
Con,Bolton West,24454.866,23535.894,0.0,0.0,0.0,1480.566,1582.674,0.0,0.0,0.0,0.0,0.0,0.0,0.0,51054.0
Con,Wealden,37003.968,13423.008,0.0,0.0,6288.256,1934.848,1813.92,0.0,0.0,0.0,0.0,0.0,0.0,0.0,60464.0
Con,Wells,30482.343,7118.631,0.0,0.0,22876.968,365.058,0.0,0.0,0.0,0.0,0.0,0.0,0.0,0.0,60843.0
Con,Bognor Regis & Littlehampton,30297.68,12786.648,0.0,0.0,3337.88,3081.12,1848.672,0.0,0.0,0.0,0.0,0.0,0.0,0.0,51352.0
Con,Blackpool North & Cleveleys,20257.458,18248.115,0.0,0.0,0.0,1107.189,1394.238,0.0,0.0,0.0,0.0,0.0,0.0,0.0,41007.0
Con,Weston-Super-Mare,29956.365,18447.705,0.0,0.0,5190.18,902.64,1918.11,0.0,0.0,0.0,0.0,0.0,0.0,0.0,56415.0
Con,Wiltshire North,32384.718,9398.55,0.0,0.0,9505.962,1557.474,859.296,0.0,0.0,0.0,0.0,0.0,0.0,0.0,53706.0
Con,Wiltshire South West,32850.6,14509.015,0.0,0.0,5365.598,2025.787,0.0,0.0,0.0,0.0,0.0,0.0,0.0,0.0,54751.0
Con,Wimbledon,23959.59,18343.256,0.0,0.0,7471.27,1751.884,0.0,0.0,0.0,0.0,0.0,0.0,0.0,0.0,51526.0
Con,Winchester,29721.12,6001.38,0.0,0.0,19718.82,1028.808,685.872,0.0,0.0,0.0,0.0,0.0,0.0,0.0,57156.0
Con,Welwyn Hatfield,26351.19,19014.192,0.0,0.0,3823.506,1033.38,1446.732,0.0,0.0,0.0,0.0,0.0,0.0,0.0,51669.0
Con,Waveney,28654.656,19436.706,0.0,0.0,0.0,2633.7,1948.938,0.0,0.0,0.0,0.0,0.0,0.0,0.0,52674.0
Con,Derbyshire Mid,29517.406,17881.705,0.0,0.0,0.0,2971.889,0.0,0.0,0.0,0.0,0.0,0.0,0.0,0.0,50371.0
Con,Brecon & Radnorshire,20088.324,7357.452,0.0,0.0,12028.194,1281.354,578.676,0.0,0.0,0.0,0.0,0.0,0.0,0.0,41334.0
Con,Cambridgeshire North East,34368.18,13054.58,0.0,0.0,0.0,3676.596,2184.644,0.0,0.0,0.0,0.0,0.0,0.0,0.0,53284.0
Con,Camborne & Redruth,23016.6,21417.552,0.0,0.0,3004.272,1017.576,0.0,0.0,0.0,0.0,0.0,0.0,0.0,0.0,48456.0
Con,Calder Valley,26762.894,26182.354,0.0,0.0,0.0,3657.402,1451.35,0.0,0.0,0.0,0.0,0.0,0.0,0.0,58054.0
Con,Bury St Edmunds,36798.72,18337.2,0.0,0.0,0.0,4413.36,0.0,2610.72,0.0,0.0,0.0,0.0,0.0,0.0,62160.0
Con,Walsall North,18906.528,16314.504,0.0,0.0,0.0,609.888,2287.08,0.0,0.0,0.0,0.0,0.0,0.0,0.0,38118.0
Con,Burton,28948.38,18916.269,0.0,0.0,0.0,2046.351,0.0,0.0,0.0,0.0,0.0,0.0,0.0,0.0,49911.0
Con,Broxtowe,25977.744,25145.124,0.0,0.0,0.0,2886.416,1498.716,0.0,0.0,0.0,0.0,0.0,0.0,0.0,55508.0
Con,Broxbourne,29535.67,13723.165,0.0,0.0,0.0,2326.765,1899.4,0.0,0.0,0.0,0.0,0.0,0.0,0.0,47485.0
Con,Bromsgrove,33504.8,16914.52,0.0,0.0,0.0,3620.68,0.0,0.0,0.0,0.0,0.0,0.0,0.0,0.0,54040.0
Con,Bromley & Chislehurst,25197.48,15585.108,0.0,0.0,3359.664,1119.888,1399.86,0.0,0.0,0.0,0.0,0.0,0.0,0.0,46662.0
Con,Broadland,32407.209,16567.416,0.0,0.0,4477.68,895.536,1623.159,0.0,0.0,0.0,0.0,0.0,0.0,0.0,55971.0
Con,Wantage,34472.284,17108.938,0.0,0.0,9222.29,1526.448,1272.04,0.0,0.0,0.0,0.0,0.0,0.0,0.0,63602.0
Con,Brigg & Goole,27214.428,14868.81,0.0,0.0,0.0,1396.767,1576.995,0.0,0.0,0.0,0.0,0.0,0.0,0.0,45057.0
Con,Bridgwater & Somerset West,32105.117,16664.362,0.0,0.0,6351.103,1048.806,2097.612,0.0,0.0,0.0,0.0,0.0,0.0,0.0,58267.0
Con,Brentwood & Ongar,34814.78,10793.64,0.0,0.0,4444.44,1005.29,1851.85,0.0,0.0,0.0,0.0,0.0,0.0,0.0,52910.0
Con,Warwickshire North,26844.282,18352.242,0.0,0.0,0.0,1981.476,0.0,0.0,0.0,0.0,0.0,0.0,0.0,0.0,47178.0
Con,Watford,26726.16,24616.2,0.0,0.0,5333.51,761.93,1172.2,0.0,0.0,0.0,0.0,0.0,0.0,0.0,58610.0
Con,Windsor,34725.124,12347.909,0.0,0.0,5446.021,1401.946,0.0,0.0,0.0,0.0,0.0,0.0,0.0,0.0,53921.0
Con,Witham,31661.963,12999.624,0.0,0.0,0.0,4579.413,0.0,0.0,0.0,0.0,0.0,0.0,0.0,0.0,49241.0
Con,Witney,33814.485,12611.889,0.0,0.0,12429.108,1096.686,974.832,0.0,0.0,0.0,0.0,0.0,0.0,0.0,60927.0
Con,Woking,29888.086,13203.794,0.0,0.0,9723.296,1270.658,1160.166,0.0,0.0,0.0,0.0,0.0,0.0,0.0,55246.0
Con,"Wrekin, The",27435.742,17877.803,0.0,0.0,0.0,2575.196,1634.259,0.0,0.0,0.0,0.0,0.0,0.0,0.0,49523.0
Con,"Ayr, Carrick & Cumnock",18535.022,11047.058,15761.702,0.0,0.0,878.218,0.0,0.0,0.0,0.0,0.0,0.0,0.0,0.0,46222.0
Con,Aylesbury,32308.65,17622.9,0.0,0.0,5639.328,1879.776,1292.346,0.0,0.0,0.0,0.0,0.0,0.0,0.0,58743.0
Con,Wycombe,26746.5,20166.861,0.0,0.0,4172.454,1176.846,1230.339,0.0,0.0,0.0,0.0,0.0,0.0,0.0,53493.0
Con,Ashford,35328.61,17843.942,0.0,0.0,0.0,4490.925,2215.523,0.0,0.0,0.0,0.0,0.0,0.0,0.0,59879.0
Con,Wyre & Preston North,30692.618,18426.1,0.0,0.0,0.0,3527.282,0.0,0.0,0.0,0.0,0.0,0.0,0.0,0.0,52646.0
Con,Arundel & South Downs,37599.744,13678.112,0.0,0.0,4760.224,2530.752,1687.168,0.0,0.0,0.0,0.0,0.0,0.0,0.0,60256.0
Con,Wyre Forest,29859.336,16514.667,0.0,0.0,0.0,2965.482,1789.515,0.0,0.0,0.0,0.0,0.0,0.0,0.0,51129.0
Con,Angus,18126.592,5224.96,15514.112,0.0,0.0,1326.336,0.0,0.0,0.0,0.0,0.0,0.0,0.0,0.0,40192.0
Con,Amber Valley,25883.215,17591.424,0.0,0.0,0.0,2336.361,0.0,0.0,0.0,0.0,0.0,0.0,0.0,0.0,45811.0
Con,Yeovil,32375.18,7425.5,0.0,0.0,17642.988,1960.332,0.0,0.0,0.0,0.0,0.0,0.0,0.0,0.0,59404.0
Con,Altrincham & Sale West,26922.9,20535.31,0.0,0.0,316.74,5015.05,0.0,0.0,0.0,0.0,0.0,0.0,0.0,0.0,52790.0
Con,Aldridge-Brownhills,26313.69,12030.265,0.0,0.0,0.0,1891.045,0.0,0.0,0.0,0.0,0.0,0.0,0.0,0.0,40235.0
Con,Aldershot,26974.205,15469.78,0.0,0.0,3622.67,1077.01,1811.335,0.0,0.0,0.0,0.0,0.0,0.0,0.0,48955.0
Con,Aberdeenshire West & Kincardine,24728.375,5730.375,16778.125,0.0,4439.75,0.0,0.0,0.0,0.0,0.0,0.0,0.0,0.0,0.0,51625.0
Con,Aberdeen South,18727.343,9163.498,14012.145,0.0,0.0,2580.014,0.0,0.0,0.0,0.0,0.0,0.0,0.0,0.0,44483.0
Con,Aberconwy,14338.9,13695.9,0.0,0.0,0.0,932.35,0.0,0.0,0.0,3182.85,0.0,0.0,0.0,0.0,32150.0
Con,Banbury,33366.604,20992.642,0.0,0.0,0.0,5602.142,1600.612,0.0,0.0,0.0,0.0,0.0,0.0,0.0,61562.0
Con,Cambridgeshire North West,37498.726,19517.255,0.0,0.0,0.0,4479.37,2495.649,0.0,0.0,0.0,0.0,0.0,0.0,0.0,63991.0
Con,Banff & Buchan,19988.64,3914.442,16282.413,0.0,0.0,1457.505,0.0,0.0,0.0,0.0,0.0,0.0,0.0,0.0,41643.0
Con,Worthing East & Shoreham,25974.213,20874.981,0.0,0.0,0.0,4833.647,1434.159,0.0,0.0,0.0,0.0,0.0,0.0,0.0,53117.0
Con,Bexleyheath & Crayford,25125.084,16042.095,0.0,0.0,0.0,2078.694,1943.127,0.0,0.0,0.0,0.0,0.0,0.0,0.0,45189.0
Con,Bexhill & Battle,36872.64,14689.584,0.0,0.0,4460.4,1427.328,2022.048,0.0,0.0,0.0,0.0,0.0,0.0,0.0,59472.0
Con,Beverley & Holderness,32515.952,18429.418,0.0,0.0,0.0,4732.63,0.0,0.0,0.0,0.0,0.0,0.0,0.0,0.0,55678.0
Con,Wokingham,33784.54,14982.19,0.0,0.0,9490.71,1432.56,0.0,0.0,0.0,0.0,0.0,0.0,0.0,0.0,59690.0
Con,"Berwickshire, Roxburgh & Selkirk",28225.813,4503.562,17176.376,0.0,2461.249,0.0,0.0,0.0,0.0,0.0,0.0,0.0,0.0,0.0,52367.0
Con,Berwick-upon-Tweed,22161.3,10384.152,0.0,0.0,8906.732,759.816,0.0,0.0,0.0,0.0,0.0,0.0,0.0,0.0,42212.0
Con,Bedfordshire South West,32991.555,18804.63,0.0,0.0,0.0,3838.815,0.0,0.0,0.0,0.0,0.0,0.0,0.0,0.0,55635.0
Con,Bedfordshire North East,39174.2,18302.7,0.0,0.0,0.0,4816.5,1926.6,0.0,0.0,0.0,0.0,0.0,0.0,0.0,64220.0
Con,Bedfordshire Mid,38962.316,17934.032,0.0,0.0,3788.88,2462.772,0.0,0.0,0.0,0.0,0.0,0.0,0.0,0.0,63148.0
Con,Beckenham,30616.59,15540.63,0.0,0.0,4078.77,1394.01,0.0,0.0,0.0,0.0,0.0,0.0,0.0,0.0,51630.0
Con,Beaconsfield,36586.284,11989.992,0.0,0.0,4426.212,1400.7,1624.812,0.0,0.0,0.0,0.0,0.0,0.0,0.0,56028.0
Con,Worcester,24734.463,22214.736,0.0,0.0,0.0,3136.803,1336.998,0.0,0.0,0.0,0.0,0.0,0.0,0.0,51423.0
Con,Worcestershire Mid,35973.117,12615.381,0.0,0.0,3470.607,1377.225,1652.67,0.0,0.0,0.0,0.0,0.0,0.0,0.0,55089.0
Con,Worcestershire West,34729.665,13383.627,0.0,0.0,5308.274,1581.188,1468.246,0.0,0.0,0.0,0.0,0.0,0.0,0.0,56471.0
Con,Basingstoke,29490.92,20033.68,0.0,0.0,3413.56,1343.04,1678.8,0.0,0.0,0.0,0.0,0.0,0.0,0.0,55960.0
Con,Basildon South & Thurrock East,26811.28,15314.0,0.0,0.0,0.0,1790.56,3204.16,0.0,0.0,0.0,0.0,0.0,0.0,0.0,47120.0
Con,Basildon & Billericay,27399.98,13969.498,0.0,0.0,0.0,1527.212,2021.31,0.0,0.0,0.0,0.0,0.0,0.0,0.0,44918.0
Con,Worthing West,30194.662,18094.996,0.0,0.0,2997.665,1580.587,1635.09,0.0,0.0,0.0,0.0,0.0,0.0,0.0,54503.0
Con,Cambridgeshire South,33630.632,17659.328,0.0,0.0,12075.864,1558.176,0.0,0.0,0.0,0.0,0.0,0.0,0.0,0.0,64924.0
Con,Braintree,32860.728,14441.976,0.0,0.0,0.0,3191.886,1831.41,0.0,0.0,0.0,0.0,0.0,0.0,0.0,52326.0
Con,Cannock Chase,26329.6,17952.0,0.0,0.0,0.0,1579.776,2010.624,0.0,0.0,0.0,0.0,0.0,0.0,0.0,47872.0
Con,Copeland,21077.157,19360.077,0.0,0.0,0.0,1416.591,1073.175,0.0,0.0,0.0,0.0,0.0,0.0,0.0,42927.0
Con,Congleton,31826.746,19231.002,0.0,0.0,2924.012,955.927,1293.313,0.0,0.0,0.0,0.0,0.0,0.0,0.0,56231.0
Con,Torbay,27122.22,9313.668,0.0,0.0,12844.674,665.262,1228.176,0.0,0.0,0.0,0.0,0.0,0.0,0.0,51174.0
Con,Colchester,24577.155,18901.385,0.0,0.0,9102.65,963.81,0.0,0.0,0.0,0.0,0.0,0.0,0.0,0.0,53545.0
Con,Clwyd West,19554.574,16098.984,0.0,0.0,0.0,1097.658,0.0,0.0,0.0,3902.784,0.0,0.0,0.0,0.0,40654.0
Con,Totnes,26944.72,13522.63,0.0,0.0,6484.83,0.0,1256.75,2111.34,0.0,0.0,0.0,0.0,0.0,0.0,50270.0
Con,Cleethorpes,27318.924,16936.776,0.0,0.0,0.0,1578.852,2009.448,0.0,0.0,0.0,0.0,0.0,0.0,0.0,47844.0
Con,Corby,29518.524,26818.659,0.0,0.0,0.0,2159.892,1499.925,0.0,0.0,0.0,0.0,0.0,0.0,0.0,59997.0
Con,Cambridgeshire South East,33580.066,17451.554,0.0,0.0,11970.38,0.0,0.0,0.0,0.0,0.0,0.0,0.0,0.0,0.0,63002.0
Con,Cities of London & Westminster,18012.764,14843.136,0.0,0.0,4290.594,1507.506,0.0,0.0,0.0,0.0,0.0,0.0,0.0,0.0,38654.0
Con,Christchurch,35240.568,10075.967,0.0,0.0,4000.007,1316.458,0.0,0.0,0.0,0.0,0.0,0.0,0.0,0.0,50633.0
Con,Chipping Barnet,25660.849,25328.311,0.0,0.0,0.0,4433.84,0.0,0.0,0.0,0.0,0.0,0.0,0.0,0.0,55423.0
Con,Chippenham,31255.58,11256.58,0.0,0.0,14627.84,0.0,0.0,0.0,0.0,0.0,0.0,0.0,0.0,0.0,57140.0
Con,Chingford & Woodford Green,23057.851,20662.84,0.0,0.0,0.0,3240.309,0.0,0.0,0.0,0.0,0.0,0.0,0.0,0.0,46961.0
Con,Chichester,36010.718,13421.632,0.0,0.0,6770.734,2037.212,1677.704,0.0,0.0,0.0,0.0,0.0,0.0,0.0,59918.0
Con,Truro & Falmouth,25151.268,21355.919,0.0,0.0,8440.403,0.0,906.352,849.705,0.0,0.0,0.0,0.0,0.0,0.0,56647.0
Con,Clacton,27016.74,11212.83,0.0,0.0,0.0,2560.41,3355.02,0.0,0.0,0.0,0.0,0.0,0.0,0.0,44145.0
Con,Cornwall North,25828.608,6164.224,0.0,0.0,18645.504,305.664,0.0,0.0,0.0,0.0,0.0,0.0,0.0,0.0,50944.0
Con,Cornwall South East,29480.556,12026.364,0.0,0.0,10323.516,1383.564,0.0,0.0,0.0,0.0,0.0,0.0,0.0,0.0,53214.0
Con,"Cotswolds, The",36179.412,10686.658,0.0,0.0,9731.426,1910.464,1194.04,0.0,0.0,0.0,0.0,0.0,0.0,0.0,59702.0
Con,Swindon South,24815.164,22354.156,0.0,0.0,0.0,2819.905,1281.775,0.0,0.0,0.0,0.0,0.0,0.0,0.0,51271.0
Con,Tamworth,28737.1,16394.28,0.0,0.0,0.0,1978.62,0.0,0.0,0.0,0.0,0.0,0.0,0.0,0.0,47110.0
Con,Tatton,28781.976,13998.06,0.0,0.0,4420.44,1915.524,0.0,0.0,0.0,0.0,0.0,0.0,0.0,0.0,49116.0
Con,Taunton Deane,33355.037,9710.162,0.0,0.0,17465.681,1071.901,1450.219,0.0,0.0,0.0,0.0,0.0,0.0,0.0,63053.0
Con,Daventry,35457.331,13748.761,0.0,0.0,4007.736,946.271,1502.901,0.0,0.0,0.0,0.0,0.0,0.0,0.0,55663.0
Con,Dartford,31233.024,18002.368,0.0,0.0,0.0,2440.08,2548.528,0.0,0.0,0.0,0.0,0.0,0.0,0.0,54224.0
Con,Telford,21762.082,21047.106,0.0,0.0,0.0,1876.812,0.0,0.0,0.0,0.0,0.0,0.0,0.0,0.0,44686.0
Con,Tewkesbury,35450.4,12880.312,0.0,0.0,7976.34,1595.268,1181.68,0.0,0.0,0.0,0.0,0.0,0.0,0.0,59084.0
Con,Thanet North,27158.65,16430.5,0.0,0.0,0.0,2561.225,2174.625,0.0,0.0,0.0,0.0,0.0,0.0,0.0,48325.0
Con,Thanet South,25274.524,18856.387,0.0,0.0,0.0,2636.909,2985.18,0.0,0.0,0.0,0.0,0.0,0.0,0.0,49753.0
Con,Croydon South,33323.808,21930.006,0.0,0.0,0.0,4900.56,1102.626,0.0,0.0,0.0,0.0,0.0,0.0,0.0,61257.0
Con,Thirsk & Malton,33557.4,14597.469,0.0,0.0,0.0,6264.048,1510.083,0.0,0.0,0.0,0.0,0.0,0.0,0.0,55929.0
Con,Thornbury & Yate,28031.57,6133.49,0.0,0.0,15916.66,608.28,0.0,0.0,0.0,0.0,0.0,0.0,0.0,0.0,50690.0
Con,Thurrock,19878.375,19526.1,0.0,0.0,0.0,805.2,10115.325,0.0,0.0,0.0,0.0,0.0,0.0,0.0,50325.0
Con,Crawley,25438.138,22974.761,0.0,0.0,0.0,1860.101,0.0,0.0,0.0,0.0,0.0,0.0,0.0,0.0,50273.0
Con,Tiverton & Honiton,35498.41,15667.865,0.0,0.0,4625.2,2023.525,0.0,0.0,0.0,0.0,0.0,0.0,0.0,0.0,57815.0
Con,Tonbridge & Malling,36192.852,12690.261,0.0,0.0,0.0,6145.956,1877.931,0.0,0.0,0.0,0.0,0.0,0.0,0.0,56907.0
Con,Tunbridge Wells,30844.921,14419.594,0.0,0.0,5366.691,2114.151,1463.643,0.0,0.0,0.0,0.0,0.0,0.0,0.0,54209.0
Con,Chesham & Amersham,33537.964,11381.912,0.0,0.0,7182.76,1602.308,1547.056,0.0,0.0,0.0,0.0,0.0,0.0,0.0,55252.0
Con,Northampton North,19058.416,18250.856,0.0,0.0,0.0,1655.498,1413.23,0.0,0.0,0.0,0.0,0.0,0.0,0.0,40378.0
Con,Chelsea & Fulham,22159.328,13986.496,0.0,0.0,4634.08,1348.096,0.0,0.0,0.0,0.0,0.0,0.0,0.0,0.0,42128.0
Con,Chelmsford,30533.82,16944.28,0.0,0.0,6936.92,796.04,1648.94,0.0,0.0,0.0,0.0,0.0,0.0,0.0,56860.0
Con,Cheadle,24339.112,10423.252,0.0,0.0,19809.636,0.0,0.0,0.0,0.0,0.0,0.0,0.0,0.0,0.0,54572.0
Con,Castle Point,30089.83,11222.21,0.0,0.0,0.0,1028.33,2369.63,0.0,0.0,0.0,0.0,0.0,0.0,0.0,44710.0
Con,Cheltenham,26624.604,5416.14,0.0,0.0,24059.064,912.192,0.0,0.0,0.0,0.0,0.0,0.0,0.0,0.0,57012.0
Con,Carmarthen West & Pembrokeshire South,19761.768,16679.27,0.0,0.0,0.0,971.198,886.746,0.0,0.0,3927.018,0.0,0.0,0.0,0.0,42226.0
Con,Vale of Glamorgan,25516.05,23313.612,0.0,0.0,0.0,4028.85,859.488,0.0,0.0,0.0,0.0,0.0,0.0,0.0,53718.0
Con,Uxbridge & Ruislip South,23720.552,18677.6,0.0,0.0,0.0,2708.252,1587.596,0.0,0.0,0.0,0.0,0.0,0.0,0.0,46694.0
Con,Carlisle,21484.944,18858.528,0.0,0.0,0.0,1248.624,1463.904,0.0,0.0,0.0,0.0,0.0,0.0,0.0,43056.0
Con,Chatham & Aylesford,25587.3,15127.93,0.0,0.0,0.0,1930.27,2244.5,0.0,0.0,0.0,0.0,0.0,0.0,0.0,44890.0
Con,Charnwood,33326.304,16994.208,0.0,0.0,0.0,3365.736,1489.752,0.0,0.0,0.0,0.0,0.0,0.0,0.0,55176.0
DUP,Lagan Valley,0.0,0.0,0.0,26775.896,0.0,2246.3,0.0,0.0,0.0,0.0,3369.45,0.0,7547.568,4986.786,44926.0
DUP,Antrim South,0.0,0.0,0.0,16490.94,0.0,0.0,0.0,0.0,0.0,0.0,2374.35,7813.77,13296.36,3194.58,43170.0
DUP,Upper Bann,0.0,0.0,0.0,22297.23,0.0,2357.868,0.0,0.0,0.0,0.0,4408.188,14300.982,7893.732,0.0,51258.0
DUP,Belfast North,0.0,0.0,0.0,21222.432,0.0,1010.592,0.0,0.0,0.0,0.0,2067.12,19155.312,0.0,2480.544,45936.0
DUP,Belfast South,0.0,0.0,0.0,13286.32,0.0,2491.185,0.0,0.0,0.0,0.0,11319.595,7123.915,1529.675,7954.31,43705.0
DUP,Antrim North,0.0,0.0,0.0,28542.94,0.0,5233.68,0.0,0.0,3295.28,0.0,0.0,7898.98,3489.12,0.0,48460.0
DUP,Belfast East,0.0,0.0,0.0,23932.62,0.0,3516.98,0.0,0.0,0.0,0.0,0.0,0.0,0.0,15440.4,42890.0
DUP,Strangford,0.0,0.0,0.0,24024.38,0.0,4611.131,0.0,0.0,0.0,0.0,0.0,0.0,4417.386,5696.103,38749.0
DUP,Antrim East,0.0,0.0,0.0,21855.939,0.0,2250.437,0.0,0.0,0.0,0.0,0.0,3547.299,4539.017,5950.308,38143.0
DUP,Londonderry East,0.0,0.0,0.0,19735.43,0.0,328.24,0.0,0.0,0.0,0.0,4431.24,10872.95,3118.28,2543.86,41030.0
Green,Buckingham,0.0,0.0,0.0,0.0,0.0,0.0,4161.641,8586.677,5636.653,0.0,0.0,0.0,0.0,0.0,52679.0
Green,Brighton Pavilion,11073.984,15457.436,0.0,0.0,0.0,980.509,0.0,30165.071,0.0,0.0,0.0,0.0,0.0,0.0,57677.0
Ind,Down North,0.0,0.0,0.0,14929.485,0.0,4467.09,0.0,0.0,16144.22,0.0,0.0,0.0,0.0,3644.205,39185.0
LD,Kingston & Surbiton,23689.818,9202.344,0.0,0.0,27793.566,808.314,683.958,0.0,0.0,0.0,0.0,0.0,0.0,0.0,62178.0
LD,Oxford West & Abingdon,25448.48,7562.52,0.0,0.0,26288.76,720.24,0.0,0.0,0.0,0.0,0.0,0.0,0.0,0.0,60020.0
LD,Orkney & Shetland,2025.099,2653.578,6750.33,0.0,11312.622,535.371,0.0,0.0,0.0,0.0,0.0,0.0,0.0,0.0,23277.0
LD,Twickenham,25190.2,6098.68,0.0,0.0,35001.12,0.0,0.0,0.0,0.0,0.0,0.0,0.0,0.0,0.0,66290.0
LD,Eastbourne,25322.22,4651.02,0.0,0.0,26929.98,516.78,0.0,0.0,0.0,0.0,0.0,0.0,0.0,0.0,57420.0
LD,"Caithness, Sutherland & Easter Ross",6983.626,3831.724,9023.092,0.0,11062.558,0.0,0.0,0.0,0.0,0.0,0.0,0.0,0.0,0.0,30901.0
LD,Dunbartonshire East,7562.946,7511.145,15695.703,0.0,21031.206,0.0,0.0,0.0,0.0,0.0,0.0,0.0,0.0,0.0,51801.0
LD,Bath,17750.356,7288.554,0.0,0.0,23452.286,0.0,0.0,1140.386,0.0,0.0,0.0,0.0,0.0,0.0,49582.0
LD,Edinburgh West,11562.105,7866.455,15099.37,0.0,18108.685,158.385,0.0,0.0,0.0,0.0,0.0,0.0,0.0,0.0,52795.0
LD,Westmorland & Lonsdale,22897.341,4806.891,0.0,0.0,23672.646,310.122,0.0,0.0,0.0,0.0,0.0,0.0,0.0,0.0,51687.0
LD,Carshalton & Wallington,19438.399,9338.552,0.0,0.0,20808.73,1167.319,0.0,0.0,0.0,0.0,0.0,0.0,0.0,0.0,50753.0
LD,Norfolk North,21762.396,5166.612,0.0,0.0,25258.992,0.0,0.0,0.0,0.0,0.0,0.0,0.0,0.0,0.0,52188.0
Lab,Worsley & Eccles South,17663.454,26061.582,0.0,0.0,0.0,1916.964,0.0,0.0,0.0,0.0,0.0,0.0,0.0,0.0,45642.0
Lab,Wakefield,20827.8,23003.148,0.0,0.0,0.0,2453.052,0.0,0.0,0.0,0.0,0.0,0.0,0.0,0.0,46284.0
Lab,Tooting,19254.601,34669.916,0.0,0.0,0.0,4246.483,0.0,0.0,0.0,0.0,0.0,0.0,0.0,0.0,58171.0
Lab,Workington,17378.892,21296.436,0.0,0.0,0.0,1458.66,1542.012,0.0,0.0,0.0,0.0,0.0,0.0,0.0,41676.0
Lab,Penistone & Stocksbridge,21458.197,22802.446,0.0,0.0,0.0,2091.054,3435.303,0.0,0.0,0.0,0.0,0.0,0.0,0.0,49787.0
Lab,Vauxhall,10292.854,31594.108,0.0,0.0,11338.652,660.504,0.0,1155.882,0.0,0.0,0.0,0.0,0.0,0.0,55042.0
Lab,York Central,16032.576,34613.376,0.0,0.0,2495.136,0.0,0.0,0.0,0.0,0.0,0.0,0.0,0.0,0.0,53088.0
Lab,Wansbeck,13924.912,24326.142,0.0,0.0,0.0,2717.056,1485.89,0.0,0.0,0.0,0.0,0.0,0.0,0.0,42454.0
Lab,South Shields,10559.948,25074.78,0.0,0.0,0.0,2120.144,3017.128,0.0,0.0,0.0,0.0,0.0,0.0,0.0,40772.0
Lab,Ynys Mon,10388.026,15656.773,0.0,0.0,0.0,448.404,635.239,0.0,0.0,10238.558,0.0,0.0,0.0,0.0,37367.0
Lab,Oxford East,11857.12,35140.192,0.0,0.0,4904.536,215.584,0.0,1778.568,0.0,0.0,0.0,0.0,0.0,0.0,53896.0
Lab,Slough,17157.22,34151.555,0.0,0.0,0.0,1737.44,1248.785,0.0,0.0,0.0,0.0,0.0,0.0,0.0,54295.0
Lab,Southampton Test,15993.923,27485.158,0.0,0.0,0.0,3423.919,0.0,0.0,0.0,0.0,0.0,0.0,0.0,0.0,46903.0
Lab,Ogmore,9338.204,23215.296,0.0,0.0,0.0,632.468,1227.732,0.0,0.0,2790.3,0.0,0.0,0.0,0.0,37204.0
Lab,Wallasey,11217.896,34572.395,0.0,0.0,0.0,1402.237,1160.472,0.0,0.0,0.0,0.0,0.0,0.0,0.0,48353.0
Lab,Wythenshawe & Sale East,13570.416,28516.212,0.0,0.0,0.0,2292.3,1467.072,0.0,0.0,0.0,0.0,0.0,0.0,0.0,45846.0
Lab,Swansea East,9141.34,22325.965,0.0,0.0,0.0,949.293,1054.77,0.0,0.0,1687.632,0.0,0.0,0.0,0.0,35159.0
Lab,Vale of Clwyd,17059.644,19419.368,0.0,0.0,0.0,2204.988,0.0,0.0,0.0,0.0,0.0,0.0,0.0,0.0,38684.0
Lab,Walsall South,16394.784,25297.328,0.0,0.0,0.0,572.936,1806.952,0.0,0.0,0.0,0.0,0.0,0.0,0.0,44072.0
Lab,Nottingham South,14871.861,30032.496,0.0,0.0,0.0,2117.676,1106.967,0.0,0.0,0.0,0.0,0.0,0.0,0.0,48129.0
Lab,Tynemouth,20753.17,32409.06,0.0,0.0,0.0,2444.894,1250.876,0.0,0.0,0.0,0.0,0.0,0.0,0.0,56858.0
Lab,Nottingham North,11917.209,23068.038,0.0,0.0,0.0,1187.889,2145.864,0.0,0.0,0.0,0.0,0.0,0.0,0.0,38319.0
Lab,Walthamstow,6788.163,38803.258,0.0,0.0,0.0,2551.579,0.0,0.0,0.0,0.0,0.0,0.0,0.0,0.0,48143.0
Lab,Nottingham East,8494.632,28118.805,0.0,0.0,0.0,1179.81,825.867,707.886,0.0,0.0,0.0,0.0,0.0,0.0,39327.0
Lab,Oldham West & Royton,12637.488,29853.776,0.0,0.0,0.0,1373.64,1923.096,0.0,0.0,0.0,0.0,0.0,0.0,0.0,45788.0
Lab,Wrexham,15335.204,17159.988,0.0,0.0,0.0,842.208,0.0,0.0,0.0,1754.6,0.0,0.0,0.0,0.0,35092.0
Lab,Swansea West,11669.266,22294.636,0.0,0.0,1267.588,2050.51,0.0,0.0,0.0,0.0,0.0,0.0,0.0,0.0,37282.0
Lab,Norwich South,15715.854,31328.99,0.0,0.0,2824.745,0.0,0.0,1489.411,0.0,0.0,0.0,0.0,0.0,0.0,51359.0
Lab,Tyneside North,14166.516,33470.34,0.0,0.0,0.0,2179.464,2075.68,0.0,0.0,0.0,0.0,0.0,0.0,0.0,51892.0
Lab,Sunderland Central,15067.074,25036.605,0.0,0.0,0.0,2796.882,2210.439,0.0,0.0,0.0,0.0,0.0,0.0,0.0,45111.0
Lab,Oldham East & Saddleworth,17450.727,25635.165,0.0,0.0,1693.332,0.0,2257.776,0.0,0.0,0.0,0.0,0.0,0.0,0.0,47037.0
Lab,Weaver Vale,22117.881,26065.695,0.0,0.0,0.0,2429.424,0.0,0.0,0.0,0.0,0.0,0.0,0.0,0.0,50613.0
Lab,Warley,10533.972,27018.432,0.0,0.0,0.0,1286.592,1367.004,0.0,0.0,0.0,0.0,0.0,0.0,0.0,40206.0
Lab,Rother Valley,19943.664,23803.728,0.0,0.0,0.0,2029.008,3711.6,0.0,0.0,0.0,0.0,0.0,0.0,0.0,49488.0
Lab,Rotherham,10011.672,21388.572,0.0,0.0,0.0,3223.455,3299.301,0.0,0.0,0.0,0.0,0.0,0.0,0.0,37923.0
Lab,Wigan,13549.47,29571.124,0.0,0.0,0.0,1663.97,2757.436,0.0,0.0,0.0,0.0,0.0,0.0,0.0,47542.0
Lab,Stockport,11798.496,26297.352,0.0,0.0,1786.392,581.616,1080.144,0.0,0.0,0.0,0.0,0.0,0.0,0.0,41544.0
Lab,Westminster North,14417.235,25933.705,0.0,0.0,0.0,2944.06,0.0,0.0,0.0,0.0,0.0,0.0,0.0,0.0,43295.0
Lab,Rutherglen & Hamilton West,9920.04,19077.0,18822.64,0.0,0.0,3052.32,0.0,0.0,0.0,0.0,0.0,0.0,0.0,0.0,50872.0
Lab,West Ham,9834.696,46623.744,0.0,0.0,0.0,3096.108,1153.452,0.0,0.0,0.0,0.0,0.0,0.0,0.0,60708.0
Lab,West Bromwich West,14329.318,18804.974,0.0,0.0,0.0,649.692,2310.016,0.0,0.0,0.0,0.0,0.0,0.0,0.0,36094.0
Lab,West Bromwich East,14935.436,22676.84,0.0,0.0,0.0,1485.724,0.0,0.0,0.0,0.0,0.0,0.0,0.0,0.0,39098.0
Lab,Sheffield Hallam,13570.76,21895.68,0.0,0.0,19728.92,1824.64,0.0,0.0,0.0,0.0,0.0,0.0,0.0,0.0,57020.0
Lab,Stockton North,15596.815,24313.939,0.0,0.0,0.0,982.813,1837.433,0.0,0.0,0.0,0.0,0.0,0.0,0.0,42731.0
Lab,Salford & Eccles,12047.607,31190.445,0.0,0.0,0.0,2047.617,2333.331,0.0,0.0,0.0,0.0,0.0,0.0,0.0,47619.0
Lab,Tottenham,5673.985,40260.624,0.0,0.0,0.0,2121.577,0.0,1282.814,0.0,0.0,0.0,0.0,0.0,0.0,49339.0
Lab,Scunthorpe,17487.87,20905.04,0.0,0.0,0.0,562.828,1246.262,0.0,0.0,0.0,0.0,0.0,0.0,0.0,40202.0
Lab,Sedgefield,16137.308,22209.594,0.0,0.0,0.0,1497.276,1746.822,0.0,0.0,0.0,0.0,0.0,0.0,0.0,41591.0
Lab,St Helens North,13610.162,31991.414,0.0,0.0,0.0,2511.1,2109.324,0.0,0.0,0.0,0.0,0.0,0.0,0.0,50222.0
Lab,Sefton Central,17186.07,32809.77,0.0,0.0,0.0,2083.16,0.0,0.0,0.0,0.0,0.0,0.0,0.0,0.0,52079.0
Lab,Stalybridge & Hyde,16176.117,24285.404,0.0,0.0,0.0,1995.479,0.0,0.0,0.0,0.0,0.0,0.0,0.0,0.0,42457.0
Lab,Washington & Sunderland West,11685.312,24628.418,0.0,0.0,0.0,1501.238,2759.032,0.0,0.0,0.0,0.0,0.0,0.0,0.0,40574.0
Lab,Sheffield Central,6224.01,33944.793,0.0,0.0,2489.604,335.139,1053.294,3830.16,0.0,0.0,0.0,0.0,0.0,0.0,47877.0
Lab,St Helens South & Whiston,11529.148,35856.708,0.0,0.0,0.0,3543.362,1956.782,0.0,0.0,0.0,0.0,0.0,0.0,0.0,52886.0
Lab,Sheffield Brightside & Hillsborough,9043.92,28178.51,0.0,0.0,0.0,2009.76,2637.81,0.0,0.0,0.0,0.0,0.0,0.0,0.0,41870.0
Lab,Wentworth & Dearne,13755.411,28565.55,0.0,0.0,0.0,1626.039,0.0,0.0,0.0,0.0,0.0,0.0,0.0,0.0,43947.0
Lab,Peterborough,22341.384,22961.978,0.0,0.0,0.0,2434.638,0.0,0.0,0.0,0.0,0.0,0.0,0.0,0.0,47738.0
Lab,Stockton South,25243.456,26104.64,0.0,0.0,0.0,1291.776,1184.128,0.0,0.0,0.0,0.0,0.0,0.0,0.0,53824.0
Lab,Stoke-on-Trent North,18929.058,21269.074,0.0,0.0,0.0,1587.868,0.0,0.0,0.0,0.0,0.0,0.0,0.0,0.0,41786.0
Lab,Plymouth Sutton & Devonport,17803.779,23827.614,0.0,0.0,0.0,1294.009,1160.146,535.452,0.0,0.0,0.0,0.0,0.0,0.0,44621.0
Lab,Pontypridd,10651.698,22101.276,0.0,0.0,1954.806,0.0,1077.138,0.0,0.0,4109.082,0.0,0.0,0.0,0.0,39894.0
Lab,Warrington North,17757.222,27363.588,0.0,0.0,0.0,1843.646,1552.544,0.0,0.0,0.0,0.0,0.0,0.0,0.0,48517.0
Lab,Poplar & Limehouse,11821.614,39581.822,0.0,0.0,0.0,7410.564,0.0,0.0,0.0,0.0,0.0,0.0,0.0,0.0,58814.0
Lab,Wolverhampton South West,18716.932,20918.924,0.0,0.0,0.0,1693.84,1016.304,0.0,0.0,0.0,0.0,0.0,0.0,0.0,42346.0
Lab,Warrington South,27463.785,30005.58,0.0,0.0,0.0,4525.635,0.0,0.0,0.0,0.0,0.0,0.0,0.0,0.0,61995.0
Lab,Preston,8472.086,24205.96,0.0,0.0,0.0,1566.268,1352.686,0.0,0.0,0.0,0.0,0.0,0.0,0.0,35597.0
Lab,Stroud,29291.544,29993.52,0.0,0.0,0.0,3509.88,1021.056,0.0,0.0,0.0,0.0,0.0,0.0,0.0,63816.0
Lab,Wolverhampton South East,12633.792,21128.928,0.0,0.0,0.0,871.296,1669.984,0.0,0.0,0.0,0.0,0.0,0.0,0.0,36304.0
Lab,Wolverhampton North East,14712.724,19276.224,0.0,0.0,0.0,1058.732,1460.32,0.0,0.0,0.0,0.0,0.0,0.0,0.0,36508.0
Lab,Stoke-on-Trent Central,13191.71,17069.675,0.0,0.0,0.0,1292.655,1590.96,0.0,0.0,0.0,0.0,0.0,0.0,0.0,33145.0
Lab,Reading East,23365.674,27066.62,0.0,0.0,3369.518,1436.188,0.0,0.0,0.0,0.0,0.0,0.0,0.0,0.0,55238.0
Lab,Redcar,14129.92,23620.8,0.0,0.0,2851.52,0.0,1957.76,0.0,0.0,0.0,0.0,0.0,0.0,0.0,42560.0
Lab,Streatham,11940.13,38219.575,0.0,0.0,3626.675,334.77,0.0,1673.85,0.0,0.0,0.0,0.0,0.0,0.0,55795.0
Lab,Torfaen,11874.561,22135.104,0.0,0.0,0.0,2920.604,1498.731,0.0,0.0,0.0,0.0,0.0,0.0,0.0,38429.0
Lab,Rhondda,3326.536,21079.04,0.0,0.0,0.0,296.424,889.272,0.0,0.0,7344.728,0.0,0.0,0.0,0.0,32936.0
Lab,Sheffield South East,13732.74,25503.66,0.0,0.0,0.0,1525.86,2833.74,0.0,0.0,0.0,0.0,0.0,0.0,0.0,43596.0
Lab,Sheffield Heeley,12692.862,26535.6,0.0,0.0,2034.396,972.972,1990.17,0.0,0.0,0.0,0.0,0.0,0.0,0.0,44226.0
Lab,Rochdale,14212.496,29025.52,0.0,0.0,4053.564,1100.968,1651.452,0.0,0.0,0.0,0.0,0.0,0.0,0.0,50044.0
Lab,Warwick & Leamington,24000.42,25243.685,0.0,0.0,0.0,4000.07,810.825,0.0,0.0,0.0,0.0,0.0,0.0,0.0,54055.0
Lab,Wirral West,18503.371,23865.393,0.0,0.0,0.0,1582.236,0.0,0.0,0.0,0.0,0.0,0.0,0.0,0.0,43951.0
Lab,Wirral South,17535.66,25851.54,0.0,0.0,0.0,1807.8,0.0,0.0,0.0,0.0,0.0,0.0,0.0,0.0,45195.0
Lab,Stretford & Urmston,13802.525,33527.588,0.0,0.0,0.0,1756.685,1104.202,0.0,0.0,0.0,0.0,0.0,0.0,0.0,50191.0
Lab,Portsmouth South,16712.25,18272.06,0.0,0.0,7709.918,44.566,1114.15,713.056,0.0,0.0,0.0,0.0,0.0,0.0,44566.0
Lab,Aberavon,5888.436,22655.508,0.0,0.0,0.0,632.092,1330.72,0.0,0.0,2761.244,0.0,0.0,0.0,0.0,33268.0
Lab,East Lothian,16539.888,20171.958,17098.668,0.0,0.0,2067.486,0.0,0.0,0.0,0.0,0.0,0.0,0.0,0.0,55878.0
Lab,Dagenham & Rainham,18291.357,22967.343,0.0,0.0,0.0,1329.447,3254.853,0.0,0.0,0.0,0.0,0.0,0.0,0.0,45843.0
Lab,Cynon Valley,6169.588,19399.22,0.0,0.0,0.0,572.436,1272.08,0.0,0.0,4388.676,0.0,0.0,0.0,0.0,31802.0
Lab,Croydon North,11864.977,44240.266,0.0,0.0,0.0,3517.757,0.0,0.0,0.0,0.0,0.0,0.0,0.0,0.0,59623.0
Lab,Croydon Central,24206.584,29858.593,0.0,0.0,0.0,1998.185,1027.638,0.0,0.0,0.0,0.0,0.0,0.0,0.0,57091.0
Lab,Crewe & Nantwich,25862.69,25917.717,0.0,0.0,0.0,1375.675,1870.918,0.0,0.0,0.0,0.0,0.0,0.0,0.0,55027.0
Lab,Coventry South,17910.429,25854.95,0.0,0.0,0.0,2209.423,1034.198,0.0,0.0,0.0,0.0,0.0,0.0,0.0,47009.0
Lab,Coventry North West,18294.583,26918.46,0.0,0.0,0.0,3090.638,1545.319,0.0,0.0,0.0,0.0,0.0,0.0,0.0,49849.0
Lab,Coventry North East,13905.892,29486.072,0.0,0.0,0.0,1767.304,1348.732,0.0,0.0,0.0,0.0,0.0,0.0,0.0,46508.0
Lab,Colne Valley,27914.04,28820.34,0.0,0.0,0.0,3685.62,0.0,0.0,0.0,0.0,0.0,0.0,0.0,0.0,60420.0
Lab,"Coatbridge, Chryston & Bellshill",7341.52,19187.04,17610.64,0.0,0.0,900.8,0.0,0.0,0.0,0.0,0.0,0.0,0.0,0.0,45040.0
Lab,Clwyd South,14652.334,18999.318,0.0,0.0,0.0,749.48,786.954,0.0,0.0,2285.914,0.0,0.0,0.0,0.0,37474.0
Lab,Chorley,23255.012,30765.602,0.0,0.0,0.0,1613.386,0.0,0.0,0.0,0.0,0.0,0.0,0.0,0.0,55634.0
Lab,Chesterfield,16678.596,26263.996,0.0,0.0,2635.985,718.905,1629.518,0.0,0.0,0.0,0.0,0.0,0.0,0.0,47927.0
Lab,"Chester, City of",22850.505,32047.128,0.0,0.0,0.0,1523.367,0.0,0.0,0.0,0.0,0.0,0.0,0.0,0.0,56421.0
Lab,Cardiff West,13895.442,26438.643,0.0,0.0,0.0,1165.725,699.435,0.0,0.0,4429.755,0.0,0.0,0.0,0.0,46629.0
Lab,Cardiff South & Penarth,15322.272,30187.92,0.0,0.0,0.0,2080.176,963.984,0.0,0.0,2181.648,0.0,0.0,0.0,0.0,50736.0
Lab,Cardiff North,21901.262,26063.022,0.0,0.0,0.0,3485.474,572.242,0.0,0.0,0.0,0.0,0.0,0.0,0.0,52022.0
Lab,Cardiff Central,7992.666,25189.008,0.0,0.0,5409.178,1776.148,0.0,0.0,0.0,0.0,0.0,0.0,0.0,0.0,40367.0
Lab,Canterbury,25389.6,25560.0,0.0,0.0,4544.0,1306.4,0.0,0.0,0.0,0.0,0.0,0.0,0.0,0.0,56800.0
Lab,Cambridge,9117.242,29029.746,0.0,0.0,16388.662,111.868,0.0,1286.482,0.0,0.0,0.0,0.0,0.0,0.0,55934.0
Lab,Camberwell & Peckham,7348.736,44666.536,0.0,0.0,0.0,3789.192,0.0,1607.536,0.0,0.0,0.0,0.0,0.0,0.0,57412.0
Lab,Darlington,19405.761,22677.402,0.0,0.0,0.0,1568.595,1165.242,0.0,0.0,0.0,0.0,0.0,0.0,0.0,44817.0
Lab,Caerphilly,10406.844,22506.865,0.0,0.0,0.0,1197.613,1238.91,0.0,0.0,5946.768,0.0,0.0,0.0,0.0,41297.0
Lab,Delyn,16319.052,20576.196,0.0,0.0,0.0,2522.752,0.0,0.0,0.0,0.0,0.0,0.0,0.0,0.0,39418.0
Lab,Derby North,21610.368,23605.92,0.0,0.0,2287.584,0.0,1168.128,0.0,0.0,0.0,0.0,0.0,0.0,0.0,48672.0
Lab,Enfield North,17920.485,28167.7,0.0,0.0,0.0,1602.645,874.17,0.0,0.0,0.0,0.0,0.0,0.0,0.0,48565.0
Lab,Eltham,18831.24,25108.32,0.0,0.0,0.0,2215.44,0.0,0.0,0.0,0.0,0.0,0.0,0.0,0.0,46155.0
Lab,Ellesmere Port & Neston,18745.552,30155.888,0.0,0.0,0.0,1222.536,815.024,0.0,0.0,0.0,0.0,0.0,0.0,0.0,50939.0
Lab,Edmonton,10089.618,31229.77,0.0,0.0,0.0,1485.052,873.56,0.0,0.0,0.0,0.0,0.0,0.0,0.0,43678.0
Lab,Edinburgh South,9424.48,26264.16,10764.0,0.0,0.0,1387.36,0.0,0.0,0.0,0.0,0.0,0.0,0.0,0.0,47840.0
Lab,"Normanton, Pontefract & Castleford",14757.3,29268.645,0.0,0.0,0.0,2115.213,3049.842,0.0,0.0,0.0,0.0,0.0,0.0,0.0,49191.0
Lab,East Ham,7249.024,47118.656,0.0,0.0,0.0,2265.32,0.0,0.0,0.0,0.0,0.0,0.0,0.0,0.0,56633.0
Lab,Easington,8254.628,23163.868,0.0,0.0,0.0,3200.032,1745.472,0.0,0.0,0.0,0.0,0.0,0.0,0.0,36364.0
Lab,Ealing Southall,9615.885,31736.935,0.0,0.0,0.0,3792.18,0.0,0.0,0.0,0.0,0.0,0.0,0.0,0.0,45145.0
Lab,Ealing North,14914.544,34660.56,0.0,0.0,0.0,1995.608,945.288,0.0,0.0,0.0,0.0,0.0,0.0,0.0,52516.0
Lab,Ealing Central & Acton,19259.016,33039.174,0.0,0.0,0.0,3043.81,0.0,0.0,0.0,0.0,0.0,0.0,0.0,0.0,55342.0
Lab,"Durham, City of",14400.552,26771.496,0.0,0.0,4784.076,1256.424,1111.452,0.0,0.0,0.0,0.0,0.0,0.0,0.0,48324.0
Lab,Durham North West,16526.19,25292.256,0.0,0.0,3401.042,526.922,2155.59,0.0,0.0,0.0,0.0,0.0,0.0,0.0,47902.0
Lab,Durham North,12985.2,25927.116,0.0,0.0,0.0,1947.78,2423.904,0.0,0.0,0.0,0.0,0.0,0.0,0.0,43284.0
Lab,Dulwich & West Norwood,10947.885,39075.528,0.0,0.0,4491.44,224.572,0.0,1403.575,0.0,0.0,0.0,0.0,0.0,0.0,56143.0
Lab,Dudley North,18054.24,18093.15,0.0,0.0,0.0,622.56,2140.05,0.0,0.0,0.0,0.0,0.0,0.0,0.0,38910.0
Lab,Doncaster North,11678.112,25725.696,0.0,0.0,0.0,2157.912,2750.28,0.0,0.0,0.0,0.0,0.0,0.0,0.0,42312.0
Lab,Doncaster Central,14800.256,24910.896,0.0,0.0,0.0,3312.848,0.0,0.0,0.0,0.0,0.0,0.0,0.0,0.0,43024.0
Lab,Don Valley,19176.996,24373.64,0.0,0.0,0.0,2437.364,0.0,0.0,0.0,0.0,0.0,0.0,0.0,0.0,45988.0
Lab,Dewsbury,25501.795,28837.95,0.0,0.0,0.0,2205.255,0.0,0.0,0.0,0.0,0.0,0.0,0.0,0.0,56545.0
Lab,Derby South,15177.51,26413.398,0.0,0.0,0.0,1721.628,1993.464,0.0,0.0,0.0,0.0,0.0,0.0,0.0,45306.0
Lab,Denton & Reddish,11087.72,25145.365,0.0,0.0,0.0,1583.96,1781.955,0.0,0.0,0.0,0.0,0.0,0.0,0.0,39599.0
Lab,Enfield Southgate,20636.056,24985.576,0.0,0.0,0.0,2706.368,0.0,0.0,0.0,0.0,0.0,0.0,0.0,0.0,48328.0
Lab,Bury South,21211.84,27177.67,0.0,0.0,0.0,1274.75,1325.74,0.0,0.0,0.0,0.0,0.0,0.0,0.0,50990.0
Lab,Burnley,12489.9,18815.43,0.0,0.0,6043.5,483.48,2457.69,0.0,0.0,0.0,0.0,0.0,0.0,0.0,40290.0
Lab,Birmingham Perry Barr,11712.205,30098.157,0.0,0.0,0.0,2386.638,0.0,0.0,0.0,0.0,0.0,0.0,0.0,0.0,44197.0
Lab,Birmingham Northfield,18936.596,23593.136,0.0,0.0,0.0,1818.268,0.0,0.0,0.0,0.0,0.0,0.0,0.0,0.0,44348.0
Lab,Birmingham Ladywood,5452.524,34160.889,0.0,0.0,0.0,1693.587,0.0,0.0,0.0,0.0,0.0,0.0,0.0,0.0,41307.0
Lab,Birmingham Hodge Hill,6587.948,37625.534,0.0,0.0,0.0,1159.85,1020.668,0.0,0.0,0.0,0.0,0.0,0.0,0.0,46394.0
Lab,Birmingham Hall Green,8200.81,42144.56,0.0,0.0,3149.98,814.65,0.0,0.0,0.0,0.0,0.0,0.0,0.0,0.0,54310.0
Lab,Birmingham Erdington,14291.328,21585.86,0.0,0.0,0.0,1339.812,0.0,0.0,0.0,0.0,0.0,0.0,0.0,0.0,37217.0
Lab,Birmingham Edgbaston,17226.74,24117.436,0.0,0.0,0.0,2267.824,0.0,0.0,0.0,0.0,0.0,0.0,0.0,0.0,43612.0
Lab,Birkenhead,8033.992,33576.847,0.0,0.0,0.0,2052.161,0.0,0.0,0.0,0.0,0.0,0.0,0.0,0.0,43663.0
Lab,Bethnal Green & Bow,7597.775,42954.35,0.0,0.0,0.0,7777.25,0.0,1495.625,0.0,0.0,0.0,0.0,0.0,0.0,59825.0
Lab,Bermondsey & Old Southwark,7549.209,31191.693,0.0,0.0,18200.031,1580.067,0.0,0.0,0.0,0.0,0.0,0.0,0.0,0.0,58521.0
Lab,Bedford,21912.96,22737.12,0.0,0.0,0.0,3829.92,0.0,0.0,0.0,0.0,0.0,0.0,0.0,0.0,48480.0
Lab,Battersea,22849.07,25271.622,0.0,0.0,4404.64,2532.668,0.0,0.0,0.0,0.0,0.0,0.0,0.0,0.0,55058.0
Lab,Batley & Spen,20866.64,29847.9,0.0,0.0,0.0,3065.46,0.0,0.0,0.0,0.0,0.0,0.0,0.0,0.0,53780.0
Lab,Bassetlaw,22624.25,27483.5,0.0,0.0,0.0,2142.25,0.0,0.0,0.0,0.0,0.0,0.0,0.0,0.0,52250.0
Lab,Barrow & Furness,22367.3,22605.25,0.0,0.0,0.0,1665.65,951.8,0.0,0.0,0.0,0.0,0.0,0.0,0.0,47590.0
Lab,Barnsley East,11009.52,24261.72,0.0,0.0,0.0,2242.68,3262.08,0.0,0.0,0.0,0.0,0.0,0.0,0.0,40776.0
Lab,Barnsley Central,9420.449,24977.871,0.0,0.0,0.0,1368.115,3322.565,0.0,0.0,0.0,0.0,0.0,0.0,0.0,39089.0
Lab,Barking,10727.775,32326.362,0.0,0.0,0.0,1573.407,3051.456,0.0,0.0,0.0,0.0,0.0,0.0,0.0,47679.0
Lab,Ashton Under Lyne,12727.36,24022.892,0.0,0.0,0.0,1153.417,1869.331,0.0,0.0,0.0,0.0,0.0,0.0,0.0,39773.0
Lab,Ashfield,20847.081,21297.018,0.0,0.0,949.867,399.944,1899.734,0.0,4599.356,0.0,0.0,0.0,0.0,0.0,49993.0
Lab,Alyn & Deeside,18083.04,23319.96,0.0,0.0,0.0,2238.0,1119.0,0.0,0.0,0.0,0.0,0.0,0.0,0.0,44760.0
Lab,Birmingham Selly Oak,15626.215,30860.55,0.0,0.0,0.0,2498.235,0.0,0.0,0.0,0.0,0.0,0.0,0.0,0.0,48985.0
Lab,Bury North,21316.835,25676.008,0.0,0.0,0.0,910.157,0.0,0.0,0.0,0.0,0.0,0.0,0.0,0.0,47903.0
Lab,Birmingham Yardley,8811.396,25410.642,0.0,0.0,7965.858,400.518,1913.586,0.0,0.0,0.0,0.0,0.0,0.0,0.0,44502.0
Lab,Blackburn,12780.728,33163.376,0.0,0.0,0.0,1567.896,0.0,0.0,0.0,0.0,0.0,0.0,0.0,0.0,47512.0
Lab,Bristol West,9881.904,47189.672,0.0,0.0,5227.384,71.608,0.0,9237.432,0.0,0.0,0.0,0.0,0.0,0.0,71608.0
Lab,Bristol South,16695.274,32683.582,0.0,0.0,1848.988,54.382,1685.842,1413.932,0.0,0.0,0.0,0.0,0.0,0.0,54382.0
Lab,Bristol North West,22666.224,27372.576,0.0,0.0,0.0,4057.2,0.0,0.0,0.0,0.0,0.0,0.0,0.0,0.0,54096.0
Lab,Bristol East,17474.856,30834.993,0.0,0.0,0.0,1371.573,0.0,1117.578,0.0,0.0,0.0,0.0,0.0,0.0,50799.0
Lab,Brighton Kemptown,18846.281,28687.681,0.0,0.0,0.0,1673.038,0.0,0.0,0.0,0.0,0.0,0.0,0.0,0.0,49207.0
Lab,Bridgend,17215.49,21930.285,0.0,0.0,0.0,1557.18,778.59,0.0,0.0,1773.455,0.0,0.0,0.0,0.0,43255.0
Lab,Brentford & Isleworth,23172.504,35375.046,0.0,0.0,0.0,3081.45,0.0,0.0,0.0,0.0,0.0,0.0,0.0,0.0,61629.0
Lab,Brent North,18457.188,35503.276,0.0,0.0,0.0,2483.536,0.0,0.0,0.0,0.0,0.0,0.0,0.0,0.0,56444.0
Lab,Brent Central,10197.72,38228.376,0.0,0.0,2510.208,1359.696,0.0,0.0,0.0,0.0,0.0,0.0,0.0,0.0,52296.0
Lab,Bradford West,7557.648,29456.616,0.0,0.0,0.0,1320.312,865.032,0.0,0.0,0.0,0.0,0.0,0.0,0.0,45528.0
Lab,Bradford South,15680.718,22371.705,0.0,0.0,0.0,1231.47,1765.107,0.0,0.0,0.0,0.0,0.0,0.0,0.0,41049.0
Lab,Bradford East,9306.888,29836.788,0.0,0.0,866.818,684.33,1368.66,0.0,3558.516,0.0,0.0,0.0,0.0,0.0,45622.0
Lab,Bootle,6084.848,42241.92,0.0,0.0,0.0,1961.232,0.0,0.0,0.0,0.0,0.0,0.0,0.0,0.0,50288.0
Lab,Bolton South East,12527.608,25690.061,0.0,0.0,0.0,1312.013,2793.318,0.0,0.0,0.0,0.0,0.0,0.0,0.0,42323.0
Lab,Bolton North East,19067.226,22862.598,0.0,0.0,0.0,1671.771,1581.405,0.0,0.0,0.0,0.0,0.0,0.0,0.0,45183.0
Lab,Bolsover,18840.195,24143.361,0.0,0.0,0.0,1395.57,2139.874,0.0,0.0,0.0,0.0,0.0,0.0,0.0,46519.0
Lab,Blyth Valley,15848.77,23751.91,0.0,0.0,0.0,2889.32,0.0,0.0,0.0,0.0,0.0,0.0,0.0,0.0,42490.0
Lab,Blaydon,13511.604,26975.124,0.0,0.0,4375.644,769.344,2452.284,0.0,0.0,0.0,0.0,0.0,0.0,0.0,48084.0
Lab,Blaenau Gwent,4792.832,18782.72,0.0,0.0,0.0,939.136,971.52,0.0,0.0,6897.792,0.0,0.0,0.0,0.0,32384.0
Lab,Blackpool South,15064.743,17581.359,0.0,0.0,0.0,978.684,1328.214,0.0,0.0,0.0,0.0,0.0,0.0,0.0,34953.0
Lab,Blackley & Broughton,8664.408,28279.665,0.0,0.0,0.0,1363.842,1805.085,0.0,0.0,0.0,0.0,0.0,0.0,0.0,40113.0
Lab,Bishop Auckland,20298.789,20818.161,0.0,0.0,0.0,2164.05,0.0,0.0,0.0,0.0,0.0,0.0,0.0,0.0,43281.0
Lab,Erith & Thamesmead,15562.4,25566.8,0.0,0.0,0.0,1600.704,1734.096,0.0,0.0,0.0,0.0,0.0,0.0,0.0,44464.0
Lab,Hull West & Hessle,10334.935,18354.015,0.0,0.0,2212.16,2281.29,1382.6,0.0,0.0,0.0,0.0,0.0,0.0,0.0,34565.0
Lab,Islington South & Finsbury,9946.143,30174.772,0.0,0.0,5813.929,0.0,912.931,1201.225,0.0,0.0,0.0,0.0,0.0,0.0,48049.0
Lab,Islington North,6866.0,40097.44,0.0,0.0,4943.52,768.992,0.0,2252.048,0.0,0.0,0.0,0.0,0.0,0.0,54928.0
Lab,Ipswich,23420.746,24238.938,0.0,0.0,0.0,2096.617,1380.699,0.0,0.0,0.0,0.0,0.0,0.0,0.0,51137.0
Lab,Liverpool Riverside,4657.94,40576.9,0.0,0.0,0.0,1200.5,0.0,1584.66,0.0,0.0,0.0,0.0,0.0,0.0,48020.0
Lab,Liverpool Walton,3628.942,36162.829,0.0,0.0,0.0,2405.229,0.0,0.0,0.0,0.0,0.0,0.0,0.0,0.0,42197.0
Lab,Liverpool Wavertree,5236.8,34693.8,0.0,0.0,0.0,3709.4,0.0,0.0,0.0,0.0,0.0,0.0,0.0,0.0,43640.0
Lab,Liverpool West Derby,4471.137,37394.964,0.0,0.0,0.0,3296.899,0.0,0.0,0.0,0.0,0.0,0.0,0.0,0.0,45163.0
Lab,Ilford South,12050.313,43704.006,0.0,0.0,0.0,1902.681,0.0,0.0,0.0,0.0,0.0,0.0,0.0,0.0,57657.0
Lab,Exeter,18234.167,34362.26,0.0,0.0,0.0,2826.573,0.0,0.0,0.0,0.0,0.0,0.0,0.0,0.0,55423.0
Lab,Ilford North,20964.636,30599.898,0.0,0.0,0.0,1376.466,0.0,0.0,0.0,0.0,0.0,0.0,0.0,0.0,52941.0
Lab,Hull North,9349.704,23633.974,0.0,0.0,1855.1,667.836,1595.386,0.0,0.0,0.0,0.0,0.0,0.0,0.0,37102.0
Lab,Hull East,10954.762,21359.954,0.0,0.0,0.0,1758.624,2564.66,0.0,0.0,0.0,0.0,0.0,0.0,0.0,36638.0
Lab,Huddersfield,14465.22,26475.736,0.0,0.0,0.0,2893.044,0.0,0.0,0.0,0.0,0.0,0.0,0.0,0.0,43834.0
Lab,Hove,18200.336,36919.036,0.0,0.0,0.0,2476.628,0.0,0.0,0.0,0.0,0.0,0.0,0.0,0.0,57596.0
Lab,Houghton & Sunderland South,12319.56,24680.6,0.0,0.0,0.0,2115.48,2364.36,0.0,0.0,0.0,0.0,0.0,0.0,0.0,41480.0
Lab,Hornsey & Wood Green,9219.364,40739.622,0.0,0.0,10029.173,2304.841,0.0,0.0,0.0,0.0,0.0,0.0,0.0,0.0,62293.0
Lab,Holborn & St Pancras,10855.448,41356.897,0.0,0.0,0.0,4778.757,0.0,2005.898,0.0,0.0,0.0,0.0,0.0,0.0,58997.0
Lab,Hyndburn,18306.81,24137.868,0.0,0.0,0.0,813.636,1943.686,0.0,0.0,0.0,0.0,0.0,0.0,0.0,45202.0
Lab,High Peak,24449.262,26764.941,0.0,0.0,0.0,2638.797,0.0,0.0,0.0,0.0,0.0,0.0,0.0,0.0,53853.0
Lab,Islwyn,9817.296,21222.684,0.0,0.0,0.0,685.767,1624.185,0.0,0.0,2743.068,0.0,0.0,0.0,0.0,36093.0
Lab,Lincoln,21776.946,23335.922,0.0,0.0,0.0,2338.464,1266.668,0.0,0.0,0.0,0.0,0.0,0.0,0.0,48718.0
Lab,Leigh,16780.892,26343.188,0.0,0.0,0.0,984.354,2765.566,0.0,0.0,0.0,0.0,0.0,0.0,0.0,46874.0
Lab,Leicester West,11778.768,22807.296,0.0,0.0,0.0,1500.48,1425.456,0.0,0.0,0.0,0.0,0.0,0.0,0.0,37512.0
Lab,Leicester South,10911.672,37129.995,0.0,0.0,0.0,2475.333,0.0,0.0,0.0,0.0,0.0,0.0,0.0,0.0,50517.0
Lab,Leicester East,12686.608,35124.08,0.0,0.0,0.0,4613.312,0.0,0.0,0.0,0.0,0.0,0.0,0.0,0.0,52424.0
Lab,Leeds West,11063.998,27026.56,0.0,0.0,0.0,1309.099,1815.847,1013.496,0.0,0.0,0.0,0.0,0.0,0.0,42229.0
Lab,Leeds North West,9072.252,20412.567,0.0,0.0,16200.45,601.731,0.0,0.0,0.0,0.0,0.0,0.0,0.0,0.0,46287.0
Lab,Leeds North East,16429.69,33442.369,0.0,0.0,0.0,3126.941,0.0,0.0,0.0,0.0,0.0,0.0,0.0,0.0,52999.0
Lab,Jarrow,10755.75,28007.973,0.0,0.0,0.0,1936.035,2323.242,0.0,0.0,0.0,0.0,0.0,0.0,0.0,43023.0
Lab,Leeds East,12680.946,25444.774,0.0,0.0,0.0,1574.758,1740.522,0.0,0.0,0.0,0.0,0.0,0.0,0.0,41441.0
Lab,Lancaster & Fleetwood,18671.534,25339.939,0.0,0.0,0.0,1977.527,0.0,0.0,0.0,0.0,0.0,0.0,0.0,0.0,45989.0
Lab,Lancashire West,20341.486,32035.121,0.0,0.0,0.0,2012.393,0.0,0.0,0.0,0.0,0.0,0.0,0.0,0.0,54389.0
Lab,Lewisham West & Penge,12235.08,35428.536,0.0,0.0,3298.152,425.568,691.548,1117.116,0.0,0.0,0.0,0.0,0.0,0.0,53196.0
Lab,Knowsley,5159.919,47326.999,0.0,0.0,0.0,1719.973,1276.109,0.0,0.0,0.0,0.0,0.0,0.0,0.0,55483.0
Lab,Kirkcaldy & Cowdenbeath,10762.969,16999.024,16768.059,0.0,0.0,1662.948,0.0,0.0,0.0,0.0,0.0,0.0,0.0,0.0,46193.0
Lab,Leyton & Wanstead,9650.157,32228.754,0.0,0.0,0.0,2955.072,0.0,1339.017,0.0,0.0,0.0,0.0,0.0,0.0,46173.0
Lab,Keighley,23793.04,24051.66,0.0,0.0,0.0,2586.2,1293.1,0.0,0.0,0.0,0.0,0.0,0.0,0.0,51724.0
Lab,Leeds Central,9772.965,33466.446,0.0,0.0,0.0,1191.825,2049.939,1191.825,0.0,0.0,0.0,0.0,0.0,0.0,47673.0
Lab,Lewisham Deptford,7550.344,42436.24,0.0,0.0,0.0,3472.056,0.0,1653.36,0.0,0.0,0.0,0.0,0.0,0.0,55112.0
Lab,Heywood & Middleton,18948.7,26578.045,0.0,0.0,0.0,1097.03,3241.225,0.0,0.0,0.0,0.0,0.0,0.0,0.0,49865.0
Lab,Hemsworth,15575.016,25728.64,0.0,0.0,0.0,2067.48,2572.864,0.0,0.0,0.0,0.0,0.0,0.0,0.0,45944.0
Lab,Merthyr Tydfil & Rhymney,6071.645,22408.06,0.0,0.0,0.0,838.625,1475.98,0.0,0.0,2750.69,0.0,0.0,0.0,0.0,33545.0
Lab,Middlesbrough,9515.079,23413.509,0.0,0.0,0.0,1247.295,1461.117,0.0,0.0,0.0,0.0,0.0,0.0,0.0,35637.0
Lab,Glasgow North East,4098.975,13631.475,13409.05,0.0,0.0,635.5,0.0,0.0,0.0,0.0,0.0,0.0,0.0,0.0,31775.0
Lab,Midlothian,11499.342,16479.372,15573.912,0.0,0.0,1720.374,0.0,0.0,0.0,0.0,0.0,0.0,0.0,0.0,45273.0
Lab,Mitcham & Morden,11644.556,33057.066,0.0,0.0,0.0,2357.782,1058.596,0.0,0.0,0.0,0.0,0.0,0.0,0.0,48118.0
Lab,Neath,9073.545,21707.595,0.0,0.0,0.0,765.7,1416.545,0.0,0.0,5321.615,0.0,0.0,0.0,0.0,38285.0
Lab,Newcastle upon Tyne Central,9125.124,24074.006,0.0,0.0,0.0,2411.11,1483.76,0.0,0.0,0.0,0.0,0.0,0.0,0.0,37094.0
Lab,Llanelli,9561.054,21582.97,0.0,0.0,0.0,524.446,1331.286,0.0,0.0,7342.244,0.0,0.0,0.0,0.0,40342.0
Lab,Gedling,22119.896,26822.958,0.0,0.0,0.0,1602.142,1137.004,0.0,0.0,0.0,0.0,0.0,0.0,0.0,51682.0
Lab,Newcastle upon Tyne North,16369.632,26751.552,0.0,0.0,2559.264,820.896,1786.656,0.0,0.0,0.0,0.0,0.0,0.0,0.0,48288.0
Lab,Gateshead,10062.617,27409.053,0.0,0.0,0.0,2357.768,2273.562,0.0,0.0,0.0,0.0,0.0,0.0,0.0,42103.0
Lab,Newcastle-under-Lyme,21088.002,21131.844,0.0,0.0,0.0,1622.154,0.0,0.0,0.0,0.0,0.0,0.0,0.0,0.0,43842.0
Lab,Garston & Halewood,9473.394,41586.594,0.0,0.0,0.0,2462.012,0.0,0.0,0.0,0.0,0.0,0.0,0.0,0.0,53522.0
Lab,Newport East,12813.36,20803.3,0.0,0.0,0.0,2025.1,1178.24,0.0,0.0,0.0,0.0,0.0,0.0,0.0,36820.0
Lab,Newport West,17071.134,22718.074,0.0,0.0,0.0,2562.842,1085.95,0.0,0.0,0.0,0.0,0.0,0.0,0.0,43438.0
Lab,Feltham & Heston,16862.586,32452.524,0.0,0.0,0.0,2174.107,1537.783,0.0,0.0,0.0,0.0,0.0,0.0,0.0,53027.0
Lab,Newcastle upon Tyne East,8868.681,28104.975,0.0,0.0,2581.494,0.0,1332.384,749.466,0.0,0.0,0.0,0.0,0.0,0.0,41637.0
Lab,Manchester Gorton,3354.569,35062.139,0.0,0.0,0.0,5514.36,965.013,1056.919,0.0,0.0,0.0,0.0,0.0,0.0,45953.0
Lab,Manchester Withington,5521.006,38432.634,0.0,0.0,8522.718,268.01,0.0,857.632,0.0,0.0,0.0,0.0,0.0,0.0,53602.0
Lab,Makerfield,14690.029,28253.666,0.0,0.0,0.0,3989.305,0.0,0.0,0.0,0.0,0.0,0.0,0.0,0.0,46933.0
Lab,Hayes & Harlington,13671.372,31788.33,0.0,0.0,0.0,1195.05,1147.248,0.0,0.0,0.0,0.0,0.0,0.0,0.0,47802.0
Lab,Hartlepool,14307.57,21963.375,0.0,0.0,0.0,753.03,4811.025,0.0,0.0,0.0,0.0,0.0,0.0,0.0,41835.0
Lab,Harrow West,17322.12,30666.195,0.0,0.0,0.0,2366.685,0.0,0.0,0.0,0.0,0.0,0.0,0.0,0.0,50355.0
Lab,Hampstead & Kilburn,18923.868,34460.13,0.0,0.0,0.0,5023.002,0.0,0.0,0.0,0.0,0.0,0.0,0.0,0.0,58407.0
Lab,Hammersmith,14735.064,33389.028,0.0,0.0,0.0,4127.908,0.0,0.0,0.0,0.0,0.0,0.0,0.0,0.0,52252.0
Lab,Halton,10695.888,36098.622,0.0,0.0,0.0,1237.95,1485.54,0.0,0.0,0.0,0.0,0.0,0.0,0.0,49518.0
Lab,Halifax,20131.092,25489.728,0.0,0.0,0.0,1062.072,1593.108,0.0,0.0,0.0,0.0,0.0,0.0,0.0,48276.0
Lab,Hackney South & Shoreditch,6033.586,43951.076,0.0,0.0,0.0,3819.426,0.0,1549.912,0.0,0.0,0.0,0.0,0.0,0.0,55354.0
Lab,Manchester Central,7060.24,38483.28,0.0,0.0,0.0,1839.64,1491.6,845.24,0.0,0.0,0.0,0.0,0.0,0.0,49720.0
Lab,Hackney North & Stoke Newington,7149.846,42279.798,0.0,0.0,0.0,4278.648,0.0,2589.708,0.0,0.0,0.0,0.0,0.0,0.0,56298.0
Lab,Luton North,15385.26,29744.836,0.0,0.0,0.0,1491.904,0.0,0.0,0.0,0.0,0.0,0.0,0.0,0.0,46622.0
Lab,Great Grimsby,14989.862,17547.374,0.0,0.0,0.0,1349.798,1633.966,0.0,0.0,0.0,0.0,0.0,0.0,0.0,35521.0
Lab,Gower,19460.952,22742.424,0.0,0.0,0.0,1048.248,638.064,0.0,0.0,1686.312,0.0,0.0,0.0,0.0,45576.0
Lab,Luton South,14900.959,28786.992,0.0,0.0,1061.059,599.729,784.261,0.0,0.0,0.0,0.0,0.0,0.0,0.0,46133.0
Lab,Greenwich & Woolwich,13488.924,34200.264,0.0,0.0,3770.526,1646.286,0.0,0.0,0.0,0.0,0.0,0.0,0.0,0.0,53106.0
Lab,Lewisham East,10856.23,32096.68,0.0,0.0,0.0,3445.673,802.417,0.0,0.0,0.0,0.0,0.0,0.0,0.0,47201.0
PC,Ceredigion,7317.128,8032.934,0.0,0.0,11532.43,676.039,596.505,0.0,0.0,11611.964,0.0,0.0,0.0,0.0,39767.0
PC,Carmarthen East & Dinefwr,10790.627,12226.642,0.0,0.0,0.0,902.638,984.696,0.0,0.0,16124.397,0.0,0.0,0.0,0.0,41029.0
PC,Dwyfor Meirionnydd,8831.268,6282.036,0.0,0.0,0.0,940.788,606.96,0.0,0.0,13686.948,0.0,0.0,0.0,0.0,30348.0
PC,Arfon,4626.112,11424.24,0.0,0.0,0.0,648.784,0.0,0.0,0.0,11508.864,0.0,0.0,0.0,0.0,28208.0
SF,Belfast West,0.0,0.0,0.0,5444.822,0.0,1097.091,0.0,0.0,4144.566,0.0,2844.31,27102.211,0.0,0.0,40633.0
SF,Newry & Armagh,0.0,0.0,0.0,13180.434,0.0,1232.317,0.0,0.0,0.0,0.0,9054.851,25664.341,4447.057,0.0,53579.0
SF,Down South,0.0,0.0,0.0,8855.382,0.0,1883.041,0.0,0.0,0.0,0.0,17863.443,20306.307,1984.827,0.0,50893.0
SF,Fermanagh & South Tyrone,0.0,0.0,0.0,0.0,0.0,3904.113,0.0,0.0,0.0,0.0,0.0,25243.032,24333.855,0.0,53481.0
SF,Ulster Mid,0.0,0.0,0.0,12560.686,0.0,1073.962,0.0,0.0,0.0,0.0,4576.012,25448.23,3035.11,0.0,46694.0
SF,Tyrone West,0.0,0.0,0.0,11697.734,0.0,1826.412,0.0,0.0,0.0,0.0,5653.18,22047.402,2261.272,0.0,43486.0
SF,Foyle,0.0,0.0,0.0,7400.365,0.0,2206.32,0.0,0.0,0.0,0.0,18110.21,18248.105,0.0,0.0,45965.0
SNP,Na h-Eileanan an Iar,2444.97,5008.484,6016.108,0.0,0.0,237.088,0.0,0.0,1111.35,0.0,0.0,0.0,0.0,0.0,14818.0
SNP,Glasgow Central,5001.776,13817.856,16084.848,0.0,0.0,1079.52,0.0,0.0,0.0,0.0,0.0,0.0,0.0,0.0,35984.0
SNP,"East Kilbride, Strathaven & Lesmahagow",13687.806,17150.334,21045.678,0.0,0.0,2218.182,0.0,0.0,0.0,0.0,0.0,0.0,0.0,0.0,54102.0
SNP,Edinburgh East,8095.278,15102.481,18497.275,0.0,0.0,1827.966,0.0,0.0,0.0,0.0,0.0,0.0,0.0,0.0,43523.0
SNP,Edinburgh North & Leith,15382.144,17587.672,19227.68,0.0,0.0,4354.504,0.0,0.0,0.0,0.0,0.0,0.0,0.0,0.0,56552.0
SNP,Ayrshire North & Arran,14799.096,13044.075,18451.437,0.0,0.0,1138.392,0.0,0.0,0.0,0.0,0.0,0.0,0.0,0.0,47433.0
SNP,Kilmarnock & Loudoun,12417.903,13441.101,19673.307,0.0,0.0,976.689,0.0,0.0,0.0,0.0,0.0,0.0,0.0,0.0,46509.0
SNP,Edinburgh South West,16496.26,13236.52,17582.84,0.0,0.0,2074.38,0.0,0.0,0.0,0.0,0.0,0.0,0.0,0.0,49390.0
SNP,Motherwell & Wishaw,8510.978,15848.028,16141.51,0.0,0.0,1425.484,0.0,0.0,0.0,0.0,0.0,0.0,0.0,0.0,41926.0
SNP,Argyll & Bute,15958.908,6056.694,17304.84,0.0,8748.558,0.0,0.0,0.0,0.0,0.0,0.0,0.0,0.0,0.0,48069.0
SNP,Fife North East,10079.102,4014.912,13759.438,0.0,13759.438,209.11,0.0,0.0,0.0,0.0,0.0,0.0,0.0,0.0,41822.0
SNP,Airdrie & Shotts,8816.464,14098.742,14288.752,0.0,0.0,798.042,0.0,0.0,0.0,0.0,0.0,0.0,0.0,0.0,38002.0
SNP,Aberdeen North,8343.839,11027.1,15180.641,0.0,0.0,2205.42,0.0,0.0,0.0,0.0,0.0,0.0,0.0,0.0,36757.0
SNP,Ayrshire Central,15509.928,11767.707,16772.364,0.0,0.0,1037.001,0.0,0.0,0.0,0.0,0.0,0.0,0.0,0.0,45087.0
SNP,Glasgow East,6800.9,13963.55,14035.9,0.0,0.0,1374.65,0.0,0.0,0.0,0.0,0.0,0.0,0.0,0.0,36175.0
SNP,Glasgow North West,6991.92,13944.996,16508.7,0.0,0.0,1398.384,0.0,0.0,0.0,0.0,0.0,0.0,0.0,0.0,38844.0
SNP,Lanark & Hamilton East,16150.4,16099.93,16453.22,0.0,0.0,1766.45,0.0,0.0,0.0,0.0,0.0,0.0,0.0,0.0,50470.0
SNP,"Ross, Skye & Lochaber",9575.046,4691.388,15496.962,0.0,8036.886,653.718,0.0,0.0,0.0,0.0,0.0,0.0,0.0,0.0,38454.0
SNP,Linlithgow & Falkirk East,16323.354,17445.234,20418.216,0.0,0.0,1907.196,0.0,0.0,0.0,0.0,0.0,0.0,0.0,0.0,56094.0
SNP,"Inverness, Nairn, Badenoch & Strathspey",16104.305,8553.762,21067.599,0.0,6494.523,580.811,0.0,0.0,0.0,0.0,0.0,0.0,0.0,0.0,52801.0
SNP,Inverclyde,8404.995,14659.875,15050.805,0.0,0.0,977.325,0.0,0.0,0.0,0.0,0.0,0.0,0.0,0.0,39093.0
SNP,Livingston,12811.22,17169.135,21054.505,0.0,0.0,1470.14,0.0,0.0,0.0,0.0,0.0,0.0,0.0,0.0,52505.0
SNP,"Cumbernauld, Kilsyth & Kirkintilloch East",8021.439,14859.387,19111.188,0.0,0.0,1840.986,0.0,0.0,0.0,0.0,0.0,0.0,0.0,0.0,43833.0
SNP,Dunbartonshire West,7582.276,16619.291,18911.607,0.0,0.0,969.826,0.0,0.0,0.0,0.0,0.0,0.0,0.0,0.0,44083.0
SNP,Dundee East,11762.272,11161.28,18373.184,0.0,0.0,1631.264,0.0,0.0,0.0,0.0,0.0,0.0,0.0,0.0,42928.0
SNP,Dundee West,6265.674,12763.41,18062.159,0.0,0.0,1585.757,0.0,0.0,0.0,0.0,0.0,0.0,0.0,0.0,38677.0
SNP,Paisley & Renfrewshire South,8133.84,14432.352,16976.784,0.0,0.0,2169.024,0.0,0.0,0.0,0.0,0.0,0.0,0.0,0.0,41712.0
SNP,Paisley & Renfrewshire North,12865.74,14823.57,17480.625,0.0,0.0,1445.065,0.0,0.0,0.0,0.0,0.0,0.0,0.0,0.0,46615.0
SNP,Dunfermline & Fife West,12599.47,17292.39,18108.55,0.0,0.0,3009.59,0.0,0.0,0.0,0.0,0.0,0.0,0.0,0.0,51010.0
SNP,Glenrothes,7877.805,14018.453,17290.772,0.0,0.0,1211.97,0.0,0.0,0.0,0.0,0.0,0.0,0.0,0.0,40399.0
SNP,Glasgow South West,5518.968,14328.09,14398.846,0.0,0.0,1132.096,0.0,0.0,0.0,0.0,0.0,0.0,0.0,0.0,35378.0
SNP,Glasgow South,8509.05,16260.75,18310.05,0.0,0.0,1470.15,0.0,0.0,0.0,0.0,0.0,0.0,0.0,0.0,44550.0
SNP,Glasgow North,4920.531,11548.185,12585.848,0.0,0.0,1171.555,0.0,3246.881,0.0,0.0,0.0,0.0,0.0,0.0,33473.0
SNP,Falkirk,14097.958,16035.082,20931.701,0.0,0.0,2744.259,0.0,0.0,0.0,0.0,0.0,0.0,0.0,0.0,53809.0
